exercise,muscle_group
Stability Ball Dead Bug,Abdominals
Bodyweight Glute Bridge,Glutes
Bodyweight Bird Dog,Abdominals
"Stability Ball Seated Russian Twist ",Abdominals
"Stability Ball Feet Elevated Crunch ",Abdominals
"Ring Hanging Knee Raise ",Abdominals
Parallette Mountain Climber,Abdominals
Parallette Push Up,Chest
Bodyweight Knee Hover Bird Dog,Abdominals
Stability Ball Pass,Abdominals
Bodyweight Dead Bug,Abdominals
Bodyweight Alternating Heel Taps,Abdominals
Bodyweight Flutter Kicks,Abdominals
Bodyweight Kneeling Plank,Abdominals
Bodyweight Seated Ab Circles,Abdominals
Ring Hanging Oblique Knee Raise,Abdominals
Stability Ball Stir The Pot,Abdominals
Bodyweight Alternating Side Kick Through,Abdominals
"Ring L Sit Hang Flutter Kicks ",Abdominals
Slam Ball Russian Twist,Abdominals
Dumbbell Otis Up,Abdominals
"Single Arm Dumbbell Side Plank Reach Through ",Abdominals
Ab Wheel Kneeling Rollout,Abdominals
Cable Seated Crunch,Abdominals
Cable Kneeling Crunch,Abdominals
Medicine Ball V-Up,Abdominals
Suspension Knee Tuck,Abdominals
Suspension Lateral Knee Tuck,Abdominals
Bodyweight Push Up Alternating Kick Through,Chest
Single Arm Dumbbell Turkish Get Up,Abdominals
Bodyweight Bear Crawl,Abdominals
Stability Ball Knee Tuck,Abdominals
"Ring Hanging Leg Raise ",Abdominals
Parallette L Sit,Abdominals
Bodyweight Standing Walkout Plank,Abdominals
"Bodyweight Standing Walkout Push-Up ",Chest
Barbell Climb,Abdominals
Bodyweight Ipsilateral Bird Dog,Abdominals
Bodyweight Copenhagen Plank Knee to Elbow,Adductors
Ring Dead Hang,Back
"Suspension Archer Row ",Shoulders
Ring Eccentric Pull Up,Back
Ring Pull Up,Back
Ring Eccentric Chin Up,Biceps
Miniband Fire Hydrant,Glutes
Medicine Ball Russian Twist,Abdominals
Bodyweight Side Plank,Abdominals
Cable Reverse Ankle Strap Crunch,Abdominals
Cable Half Kneeling High to Low Chop,Abdominals
Cable Half Kneeling Low to High Chop,Abdominals
Kettlebell Half Kneeling Low to High Chop,Abdominals
"Cable Standing High to Low Chop ",Abdominals
Cable Standing Low to High Chop,Abdominals
Single Arm Dumbbell Windmill,Abdominals
Single Arm Kettlebell Windmill,Abdominals
Kettlebell Russian Twist,Abdominals
"Bodyweight Feet On Wall Mountain Climber ",Abdominals
Alternating Single Arm Kettlebell Plank Pull Through,Abdominals
Bodyweight Hollow Body Hold,Abdominals
Dumbbell Crush Grip Hollow Body Hold,Abdominals
Inverted Hanging Crunch,Abdominals
Inverted Hanging Oblique Crunch,Abdominals
"Single Arm Kettlebell Single Leg Standing Bent Knee Around The World ",Abdominals
Bodyweight Supine Alternating Single Leg Raise,Abdominals
Bodyweight Supine Leg Raise,Abdominals
Miniband Bicycle Crunch,Abdominals
Bodyweight Side Plank Reach Through,Abdominals
Bodyweight Sit Up,Abdominals
Bodyweight Butterfly Sit Up,Abdominals
Slider Mountain Climber,Abdominals
"Slider Pike ",Abdominals
Stability Ball Pike,Abdominals
Slider Wide Mountain Climber,Abdominals
Stability Ball Crunch,Abdominals
Stability Ball Feet Elevated Oblique Crunch,Abdominals
Stability Ball Kneeling Rollout,Abdominals
Stability Ball Single Leg Knee Tuck,Abdominals
Stability Ball Single Leg Pike,Abdominals
Parallette Kneeling Push Up,Chest
Single Arm Kettlebell Swing,Glutes
Double Dumbbell Romanian Deadlift,Hamstrings
Single Arm Dumbbell Side Plank,Abdominals
Bodyweight Single Leg Glute Bridge,Glutes
Dumbbell Glute Bridge,Glutes
Bodyweight Glute Bridge Alternating Single Leg Extension,Glutes
Miniband Side Lying Clamshell,Glutes
Miniband Side Lying Hip Abduction,Abductors
Miniband Bench Seated Hip Abduction,Abductors
Miniband Glute Bridge With Hip Abduction,Glutes
Stability Ball Hip Thrust,Glutes
Stability Ball Dumbbell Hip Thrust,Glutes
Bodyweight Frog Pump,Glutes
Dumbbell Frog Pump,Glutes
Cable Glute Kickback,Glutes
Bodyweight Single Leg Foot Elevated Glute Bridge,Glutes
Suspension Glute Bridge,Glutes
Miniband Thigh Lateral Walk,Abductors
Miniband Shin Lateral Walk,Abductors
Miniband Feet Lateral Walk,Abductors
Miniband Standing Glute Kickback,Glutes
Barbell Hip Thrust,Glutes
Barbell Single Leg Hip Thrust,Glutes
Stability Ball Single Leg Foot Elevated Glute Bridge,Glutes
Miniband Standing Hip Abduction,Abductors
Miniband 3-Way Cha Cha,Abductors
Barbell Standing Calf Raise,Calves
Cable Hip Abduction,Abductors
Miniband Wall Sit Hip Abduction,Quadriceps
Barbell Overhead Adductor Slide,Adductors
"Stability Ball T's Y's I's ",Shoulders
Resistance Band Reverse Fly,Shoulders
Resistance Band Lateral Raise,Shoulders
Double Dumbbell Lateral Raise,Shoulders
Single Arm Resistance Band Standing Shoulder External Rotation,Shoulders
Double Dumbbell Seated Lateral Raise,Shoulders
Bodyweight Pike Push Up,Shoulders
Single Arm Dumbbell Side Lying Shoulder External Rotation,Shoulders
Single Arm Dumbbell Seated Shoulder External Rotation,Shoulders
Miniband Standing Shoulder External Rotation,Shoulders
Double Dumbbell Seated Cuban Rotation,Shoulders
Double Dumbbell Standing Cuban Rotation,Shoulders
Single Arm Cable Half Kneeling Shoulder External Rotation 90 Degrees,Shoulders
Single Arm Dumbbell Side Lying Shoulder Internal Rotation,Shoulders
"Parallette Feet Elevated Pike Push Up ",Shoulders
Barbell Thruster,Shoulders
Parallette Wall Supported Handstand Push Up,Shoulders
Barbell Sots Press,Shoulders
"Single Arm Dumbbell V Sit Overhead Press ",Shoulders
Double Dumbbell Z Press,Shoulders
Single Arm Dumbbell Z Press,Shoulders
Stability Ball Dumbbell Arnold Press,Shoulders
Single Arm Dumbbell Half Kneeling Overhead Press,Shoulders
Single Arm Cable Lateral Raise,Shoulders
Double Dumbbell Thruster,Shoulders
Single Arm Dumbbell Thruster,Shoulders
Parallette Handstand Push Up,Shoulders
Double Dumbbell Seated Overhead Press,Shoulders
Double Dumbbell Overhead Press,Shoulders
Single Arm Dumbbell Overhead Carry,Shoulders
Bodyweight Freestanding Handstand Push Up,Shoulders
Barbell Shrug,Trapezius
Double Dumbbell Shrug,Trapezius
Cable Standing Face Pull,Shoulders
Cable Seated Face Pull,Shoulders
Double Dumbbell Standing Scaption,Shoulders
Double Dumbbell Seated Scaption,Shoulders
Stability Ball Dumbbell Seated Scaption,Shoulders
Cable Standing Knee Strap Hip External Rotation (90 Degrees),Glutes
Cable Hip External Rotation,Glutes
Double Dumbbell Bicep Curl,Biceps
Alternating Double Dumbbell Bicep Curl,Biceps
Alternating Double Dumbbell Hammer Curl,Biceps
Alternating Double Dumbbell Cross Body Hammer Curl,Biceps
Cable Guillotine Curl,Biceps
Cable Supine Bicep Curl,Biceps
Single Arm Dumbbell Incline Bench Preacher Curl,Biceps
Dumbbell Crush Grip Bicep Curl,Biceps
Double Dumbbell Zottman Curl,Biceps
Dumbbell Waiter Curl,Biceps
High Cable Straight Bar Bicep Curl,Biceps
Cable Straight Bar Drag Curl,Biceps
Double Dumbbell Spider Curl,Biceps
EZ Bar Spider Curl,Biceps
Parallette Side Plank,Abdominals
Parallette Feet Elevated Push Up,Chest
Parallette Side Plank Reach Through,Abdominals
Parallette Plank Single Arm Dumbbell Row,Back
Stability Ball Cable Preacher Curl,Biceps
Single Arm Dumbbell Standing Concentration Curl,Biceps
Reverse Barbell Curl,Forearms
EZ Bar Standing Bicep Curl,Biceps
Cable Rope Hammer Curl,Biceps
Single Arm Cable Standing High Bicep Curl,Biceps
Suspension Bicep Curl,Biceps
Double Dumbbell Standing Tricep Kickback,Triceps
EZ Bar Seated Overhead Tricep Extension,Triceps
EZ Bar Standing Overhead Tricep Extension,Triceps
Dumbbell Seated Overhead Tricep Extension,Triceps
Dumbbell Standing Overhead Tricep Extension,Triceps
Bodyweight Diamond Push Up,Triceps
Double Dumbbell Close Grip Floor Chest Press,Triceps
Double Dumbbell Close Grip Bench Press,Triceps
Double Dumbbell Close Grip Incline Bench Press,Triceps
"EZ Bar Lying Tricep Extension ",Triceps
Stability Ball Feet Elevated Diamond Push Up,Triceps
Bodyweight Tricep Extension,Triceps
Cable Rope Standing Overhead Tricep Extension,Triceps
"Cable Rope Standing Tricep Pushdown ",Triceps
Ring Dips,Triceps
Single Arm Cable Reverse Tricep Pulldown,Triceps
Double Dumbbell Suitcase Carry,Forearms
Barbell Seated Wrist Curl,Forearms
EZ Bar Reverse Grip Bicep Curl,Forearms
Bodyweight Incline Push Up,Chest
Bodyweight Kneeling Push Up,Chest
Suspension Chest Press,Chest
Suspension Chest Fly,Chest
Double Dumbbell Glute Bridge Chest Press,Chest
Stability Ball Single Arm Dumbbell Chest Press,Chest
Stability Ball Double Dumbbell Chest Fly,Chest
Bodyweight Burpee,Chest
Double Dumbbell Devil Press,Shoulders
Alternating Single Arm Dumbbell Devil Press,Shoulders
Single Arm Dumbbell Hollow Body Chest Press,Chest
Bodyweight Plyometric Push Up On Weight Plates,Chest
"Stability Ball Dumbbell Pullover ",Chest
Double Dumbbell Incline Bench Chest Fly,Chest
Bodyweight Single Arm Push Up,Chest
Bodyweight Aztec Push Up,Chest
Single Arm Ring Grip Push Up,Chest
Bodyweight Rolling Squat Burpee,Chest
Ring Grip Push Up,Chest
Suspension Low Row,Back
Suspension Mid Row,Back
Suspension Face Pull,Shoulders
Cable Seated V Grip Low Row,Back
Landmine V Grip Row,Back
Single Arm Landmine Row,Back
Single Arm Kettlebell Bent Over Row,Back
Double Kettlebell Gorilla Row,Back
Superband Assisted Wide Grip Pull Up,Back
Resistance Band Half Kneeling Face Pull,Shoulders
Single Arm Dumbbell Single Leg Contralateral Bent Over Row,Back
Stability Ball Prone Cobra,Back
Bodyweight Prone Cobra,Back
Double Dumbbell Pendlay Row,Back
Double Dumbbell Single Leg Row,Back
Cable Straight Bar Pullover,Back
Single Arm Dumbbell Bird Dog Row,Back
Single Arm Cable Half Kneeling Lat Pulldown,Back
Single Arm Cable Half Kneeling Low Row,Back
Single Arm Suspension Low Row,Back
Single Arm Dumbbell Suitcase Deadlift,Back
Single Arm Kettlebell Suitcase Deadlift,Back
Double Dumbbell Incline Bench Prone Row,Back
Ring Archer Pull Up,Back
"Double Dumbbell Renegade Row ",Back
Barbell Conventional Deadlift,Back
Barbell Sumo Deadlift,Back
Barbell Rack Pull,Back
Barbell Snatch Grip Deadlift,Back
Barbell Pendlay Row,Back
Stability Ball Hyperextension,Back
"Barbell Seated Good Morning ",Back
Barbell Good Morning,Back
"Bodyweight Wall Sit ",Quadriceps
Bodyweight Wall Slide Squat,Quadriceps
Stability Ball Wall Slide Squat,Quadriceps
Suspension Squat,Quadriceps
Suspension Alternating Reverse Lunge,Quadriceps
Bodyweight Squat to Bench,Quadriceps
Bodyweight Squat,Quadriceps
Bodyweight Hand Assisted Split Squat,Quadriceps
Bodyweight Walking Lunge,Quadriceps
"Dumbbell Goblet Squat ",Quadriceps
Miniband Romanian Deadlift,Hamstrings
Superband Resisted Skater Jump,Abductors
Cable Prone Single Leg Hamstring Curl,Hamstrings
Bodyweight Candlestick Roll Up Tuck Jump,Glutes
Barbell Bench Press,Chest
Barbell Bicep Curl,Biceps
Barbell Block Pull Deadlift,Back
Barbell Box Pause Back Squat,Quadriceps
Barbell Deficit Deadlift,Back
Barbell Front Squat,Quadriceps
Barbell Glute Bridge,Glutes
Barbell Halting Deadlift,Back
Barbell High Bar Back Squat,Quadriceps
Barbell Low Bar Back Squat,Quadriceps
Barbell Overhead Press,Shoulders
Barbell Power Clean,Glutes
Barbell Power Snatch,Glutes
Barbell Push Press,Shoulders
Barbell Romanian Deadlift,Hamstrings
Barbell Row,Back
Barbell Back Rack Split Squat,Quadriceps
Barbell Stiff Legged Deadlift,Hamstrings
Barbell Sumo Squat,Glutes
Bodyweight Pistol Squat,Quadriceps
Bodyweight Skater Squat,Quadriceps
Cable Pull Through,Glutes
Double Dumbbell Suitcase Bulgarian Split Squat,Quadriceps
Double Dumbbell Suitcase Box Step Up,Quadriceps
Double Dumbbell Suitcase Deficit Split Squat,Quadriceps
Double Dumbbell Suitcase Alternating Forward Lunge,Quadriceps
Double Dumbbell Suitcase Alternating Reverse Lunge,Quadriceps
Double Dumbbell Seated Reverse Fly,Shoulders
Double Dumbbell Suitcase Split Squat,Quadriceps
Double Dumbbell Front Rack Alternating Box Step Up,Quadriceps
Bodyweight Face the Wall Squat,Quadriceps
Bodyweight Feet Elevated Glute Bridge,Glutes
Single Arm Kettlebell Clean,Glutes
Single Arm Kettlebell Clean to Overhead Press,Shoulders
Kettlebell Alternating Halo,Shoulders
Single Arm Kettlebell Overhead Press,Shoulders
Single Arm Kettlebell Snatch,Shoulders
Kettlebell Sumo Deadlift,Back
Single Arm Kettlebell Turkish Get Up,Abdominals
Miniband Monster Walk,Abductors
Bodyweight Quadruped Hip Extension,Glutes
Suspension Pistol Squat,Quadriceps
Suspension Skater Squat,Quadriceps
Bodyweight Tuck Jump,Quadriceps
Bodyweight Alternating Single Leg Wall Sit,Quadriceps
Bodyweight Single Leg Romanian Deadlift Jump,Hamstrings
Double Dumbbell Overhead Walking Lunge,Quadriceps
Stability Ball Overhead Walking Lunge,Quadriceps
Stability Ball Dumbbell Suitcase Bulgarian Split Squat,Quadriceps
Bodyweight Leg Extension,Quadriceps
Bodyweight Lateral Bench Jump,Glutes
Single Arm Dumbbell Front Rack Squat,Quadriceps
Bodyweight Skater Jump,Abductors
Slider Single Arm Dumbbell Front Rack Reverse Lunge,Quadriceps
Cable Prone Hamstring Curl,Hamstrings
Bodyweight Bulgarian Split Squat Jumps,Quadriceps
Cable Standing Single Leg Hamstring Curl,Hamstrings
Bodyweight Nordic Hamstring Curl,Hamstrings
Superband Assisted Pistol Squat,Quadriceps
Kettlebell Goblet Squat,Quadriceps
Double Dumbbell Front Rack Squat,Quadriceps
Double Dumbbell Suitcase Walking Lunge,Quadriceps
Barbell Back Rack Walking Lunge,Quadriceps
Bodyweight Box Pistol Squat,Quadriceps
Barbell Overhead Squat,Quadriceps
Single Arm Kettlebell Overhead Squat,Quadriceps
Landmine Goblet Squat,Quadriceps
Stability Ball Hamstring Curl,Hamstrings
Slider Hamstring Curl,Hamstrings
"Bodyweight Hamstring Walkout ",Hamstrings
Slider Dumbbell Goblet Reverse Lunge,Quadriceps
Bodyweight Dragon Pistol Squat,Quadriceps
Single Arm Dumbbell Front Rack Cossack Squat to Overhead Press,Shoulders
Stability Ball Single Leg Hamstring Curl,Hamstrings
Barbell Single Leg Romanian Deadlift,Hamstrings
Double Dumbbell Suitcase Lateral Lunge,Quadriceps
Barbell Frankenstein Walking Lunge,Quadriceps
Barbell Overhead Walking Lunge,Quadriceps
Barbell Squat Clean,Quadriceps
Landmine Clean and Jerk,Shoulders
Landmine Hack Squat,Quadriceps
Single Arm Landmine Shoulder Press,Shoulders
Alternating Single Arm Landmine Shoulder Press,Shoulders
Single Arm Landmine Half Kneeling Shoulder Press,Shoulders
Single Arm Landmine Tall Kneeling Shoulder Press,Shoulders
Single Arm Landmine Meadows Row,Back
Single Arm Landmine Z Press,Shoulders
Barbell Z Press,Shoulders
"Landmine Half Kneeling Oblique Twist ",Abdominals
Cable Seated Bicep Curl,Biceps
Single Arm Dumbbell Seated Concentration Curl,Biceps
Alternating Double Dumbbell Incline Bench Bicep Curl,Biceps
Single Arm Suspension Bicep Curl,Biceps
Stability Ball Single Arm Plank,Abdominals
Stability Ball Feet Elevated Single Arm Plank,Abdominals
Landmine Zercher Skater Squat,Quadriceps
Landmine Reverse Lunge to Single Arm Shoulder Press,Shoulders
Landmine Thruster,Shoulders
Landmine Romanian Deadlift,Hamstrings
Landmine Single Leg Romanian Deadlift,Hamstrings
Landmine Tall Kneeling Oblique Twist,Abdominals
Landmine Russian Twist,Abdominals
Single Arm Landmine Thruster,Shoulders
Landmine Calf Raise,Calves
"Cable Tall Kneeling Overhead Tricep Extension ",Triceps
Cable Rope Skullcrusher,Triceps
Barbell Power Clean to Overhead Press,Shoulders
Single Arm Dumbbell Seated Cuban Press,Shoulders
Landmine Zercher Curtsy Lunge,Quadriceps
Barbell Back Rack Alternating Cossack Squat,Quadriceps
Barbell Front Rack Alternating Cossack Squat,Quadriceps
Kettlebell Goblet Alternating Cossack Squat,Quadriceps
Dumbbell Goblet Alternating Cossack Squat,Quadriceps
Bodyweight Alternating Cossack Squat,Quadriceps
"Bodyweight Knee Over Toes Split Squat ",Quadriceps
Barbell Back Rack Knee Over Toes Split Squat,Quadriceps
Barbell Front Rack Knee Over Toes Split Squat,Quadriceps
Barbell Overhead Knee Over Toes Split Squat,Quadriceps
Single Arm Barbell Overhead Press,Shoulders
Barbell Single Leg Bent Knee Bicep Curl,Biceps
Slider Knee Tuck,Abdominals
Bodyweight Wall Facing Handstand,Shoulders
"Bodyweight Freestanding Handstand ",Shoulders
Suspension Atomic Push Up,Chest
Suspension Pike,Abdominals
Suspension Side Plank Reach Through,Abdominals
Bodyweight Cocoon Crunch,Abdominals
Ab Wheel Standing Rollout,Abdominals
Cable Fire Hydrant,Glutes
Cable Tall Kneeling Pull Through,Glutes
Stability Ball Bent Knee Reverse Hyperextension,Glutes
Bodyweight Bent Knee Reverse Hyperextension on Bench,Glutes
Parallette Tuck L Sit,Abdominals
Parallette Close Grip Push Up,Triceps
Parallette Feet Elevated Close Grip Tricep Push Up,Chest
Parallette Single Leg L Sit,Abdominals
Stability Ball Bottoms Up,Abdominals
Stability Ball Windshield Wiper,Abdominals
Stability Ball Tall Kneeling Balance,Abdominals
"Stability Ball Oblique Crunch ",Abdominals
Stability Ball Elbow Plank,Abdominals
Double Kettlebell Feet Elevated Push Up,Chest
Single Arm Kettlebell Turkish Sit Up,Abdominals
Single Arm Dumbbell Turkish Sit Up,Abdominals
Single Arm Landmine Turkish Sit Up,Abdominals
Double Kettlebell Turkish Sit Up,Abdominals
Double Dumbbell Turkish Sit Up,Abdominals
Double Kettlebell Turkish Sit Up to Z Press,Abdominals
Double Kettlebell Front Rack Alternating Cossack Squat,Quadriceps
Double Dumbbell Front Rack Alternating Cossack Squat,Quadriceps
Double Kettlebell Swing,Glutes
Double Kettlebell Front Rack Squat,Quadriceps
Single Arm Kettlebell Front Rack Squat,Quadriceps
Single Arm Kettlebell Front Rack Contralateral Split Squat,Quadriceps
Single Arm Kettlebell Front Rack Carry,Abdominals
Single Arm Kettlebell Front Rack Alternating Cossack Squat,Quadriceps
Single Arm Kettlebell Squat Clean,Glutes
Stability Ball Feet Elevated Parallette Push Up,Chest
Stability Ball Feet Elevated Parallette Plank,Abdominals
Stability Ball Feet Elevated Single Arm Parallette Plank,Abdominals
Stability Ball Feet Elevated Alternating Single Arm Parallette Plank,Abdominals
Bodyweight Archer Push Up,Chest
Parallette Archer Push Up,Chest
Parallette Wide Push Up,Chest
Double Dumbbell Suitcase Knee Over Toes Split Squat,Quadriceps
Alternating Double Dumbbell Front Raise,Shoulders
Barbell Front Raise,Shoulders
Single Arm Cable Front Raise,Shoulders
Cable Straight Bar Front Raise,Shoulders
Cable Half Kneeling Pallof Press,Abdominals
Kettlebell Bottoms Up Horn Grip Standing Bicep Curl,Biceps
Single Arm Kettlebell Bottoms Up Front Rack Carry,Abdominals
Double Kettlebell Bottoms Up Front Rack Carry,Abdominals
Double Kettlebell Bottoms Up Overhead Walking Lunge,Quadriceps
Single Arm Kettlebell Bottoms Up Front Rack Walking Lunge,Quadriceps
Single Arm Kettlebell Bottoms Up Half Kneeling Contralateral Overhead Press,Shoulders
Barbell Kneeling Rollout,Abdominals
Barbell Close Grip Bench Press,Triceps
Single Arm Suspension Chest Press,Chest
Cable Tall Kneeling Pallof Press,Abdominals
Single Arm Cable Bicep Curl,Biceps
Single Arm Cable Shotgun Row,Back
Barbell Hang Power Clean,Glutes
Landmine Goblet Alternating Cossack Squat,Quadriceps
Landmine Low Hold Alternating Cossack Squat,Quadriceps
Ring Shoulder Stand,Shoulders
Ring Strap Handstand,Shoulders
Ring Handstand,Shoulders
Bodyweight Pike Headstand Push Up,Shoulders
Bodyweight Feet Elevated Pike Headstand Push Up,Shoulders
Bodyweight Wall Headstand Push Up,Shoulders
Bodyweight Freestanding Headstand Push Up,Shoulders
Ring Bulgarian Handstand Push Up,Shoulders
Ring Strap Handstand Push Up,Shoulders
Ring Freestanding Handstand Push Up,Shoulders
Bodyweight Bent Arm Press Handstand,Shoulders
Parallette L Sit to Bent Arm Press Handstand,Shoulders
Bodyweight Chest Roll to Straight Body Press Handstand,Shoulders
Ring Bent Arm Bent Body Press Handstand,Shoulders
Ring Dip to Handstand,Triceps
Ring Handstand to Elbow Lever to Handstand,Shoulders
Ring Dip Straight Body Press to Handstand,Shoulders
Bodyweight Wall Eccentric Straddle Press Handstand,Shoulders
"Bodyweight Straddle Stand Press Handstand ",Shoulders
Bodyweight Pike Stand Press Handstand,Shoulders
Parallette L Sit to Straddle Press Handstand,Shoulders
Parallette L Sit to Pike Press Handstand,Shoulders
Ring Straight Arm L Sit Straddle Press Handstand,Shoulders
Ring Straight Arm Pike Press Handstand,Shoulders
Bodyweight Tuck L Sit,Abdominals
Parallette Straddle L Sit,Abdominals
Ring Turned Out L Sit,Abdominals
Ring Skin The Cat,Shoulders
"Bodyweight Manna ",Abdominals
Ring Tuck Back Lever,Abdominals
Ring Advanced Tuck Back Lever,Abdominals
Ring Straddle Back Lever,Abdominals
Ring Half Lay Back Lever,Abdominals
Ring Single Leg Out Back Lever,Abdominals
Ring Full Back Lever,Abdominals
Ring Back Lever Pullout,Abdominals
Ring German Hang Pullout,Abdominals
Ring Handstand Lower to Back Lever,Abdominals
Ring Tuck Front Lever,Abdominals
Ring Advanced Tuck Front Lever,Abdominals
Ring Straddle Front Lever,Abdominals
Ring Half Lay Front Lever,Abdominals
Ring Single Leg Out Front Lever,Abdominals
Ring Full Front Lever,Abdominals
Ring Front Lever Pull to Inverted Hang,Abdominals
Ring Inverted Hang,Abdominals
Single Arm Barbell Kneeling Rollout,Abdominals
Single Arm Barbell Standing Rollout,Abdominals
Ring Circle Front Lever,Abdominals
Ring Tuck Front Lever Pull Up,Back
Ring Advanced Tuck Front Lever Pull Up,Back
Ring Straddle Front Lever Pull Up,Back
Ring Dead Hang to Front Lever Pull Up,Back
Ring Full Front Lever Pull Up,Back
Ring Row Feet Elevated,Back
Ring Bulgarian Row Feet Elevated,Back
Ring Archer Row Feet Elevated,Back
"Single Arm Ring Row Feet Elevated ",Back
Ring L Sit Pull Up,Back
Ring Bulgarian Pull Up,Back
Ring Bulgarian L Sit Pull Up,Back
Ring Plank,Abdominals
Single Arm Ring Plank,Abdominals
Ring Push Up,Chest
Single Arm Ring Push Up,Chest
Ring Support Hold,Abdominals
Ring Side Plank,Abdominals
Ring L Sit Muscle Up,Back
Ring Strict Muscle Up,Back
Ring Chest Fly,Chest
Single Arm Barbell Bicep Curl,Biceps
"Bodyweight Hollow Rock ",Abdominals
Single Arm Dumbbell Power Snatch,Glutes
Alternating Single Arm Dumbbell Power Snatch,Glutes
Single Arm Dumbbell Squat Snatch,Glutes
Alternating Single Arm Dumbbell Squat Snatch,Glutes
Single Arm Cable Single Leg Romanian Deadlift,Hamstrings
"Double Kettlebell Single Leg Romanian Deadlift ",Hamstrings
"Double Kettlebell Romanian Deadlift ",Hamstrings
Single Arm Kettlebell Contralateral Single Leg Romanian Deadlift,Hamstrings
Cable Wide Grip Lat Pulldown,Back
Cable Reverse Grip Lat Pulldown,Back
Cable Seated V Grip Lat Pulldown,Back
Cable Half Kneeling Face Pull,Shoulders
Single Arm Landmine Half Knee Hover Shoulder Press,Shoulders
Double Dumbbell Seated Good Morning,Back
Bodyweight Hip Thrust,Glutes
Single Arm Kettlebell Bottoms Up Overhead Squat,Quadriceps
Stability Ball Dumbbell Seated Alternating Lateral Raise,Shoulders
Single Arm Dumbbell Bench Press,Chest
Double Dumbbell Bench Press,Chest
Double Dumbbell Incline Bench Press,Chest
Stability Ball Dumbbell W Raise,Shoulders
Ring Side Plank Reach Through,Abdominals
Single Arm Dumbbell Overhead Contralateral Bulgarian Split Squat,Quadriceps
Single Arm Dumbbell Overhead Contralateral Knee Over Toes Split Squat,Quadriceps
Double Kettlebell Z Press,Shoulders
Double Kettlebell Clean,Glutes
Double Kettlebell Snatch,Glutes
Double Kettlebell Push Press,Shoulders
Double Kettlebell Split Jerk,Shoulders
Double Kettlebell Clean and Jerk,Glutes
Double Kettlebell High Pull,Shoulders
Double Kettlebell Sumo Deadlift,Back
Double Kettlebell Bent Over Row,Back
Double Kettlebell Bottoms Up Front Rack Squat,Quadriceps
Double Kettlebell Front Rack Knee Over Toes Split Squat,Quadriceps
Double Kettlebell Overhead Knee Over Toes Split Squat,Quadriceps
Double Kettlebell Thruster,Shoulders
Double Kettlebell Bottoms Up Front Rack Alternating Cossack Squat,Quadriceps
Double Kettlebell Bottoms Up Overhead Alternating Cossack Squat,Quadriceps
Double Kettlebell Tall Kneeling Overhead Press,Shoulders
Double Kettlebell Front Rack Walking Lunge,Quadriceps
Double Kettlebell Overhead Walking Lunge,Quadriceps
Alternating Double Kettlebell Sots Press,Shoulders
Double Kettlebell Shrug,"Trapezius "
Double Kettlebell Hang Squat Clean,Glutes
Double Kettlebell Hollow Hold,Abdominals
Double Kettlebell Hollow Hold With Flutter Kick,Abdominals
Double Kettlebell Dead Clean to Push Press,Shoulders
Double Kettlebell Pendlay Row,Back
Double Kettlebell Front Rack Split Squat,Quadriceps
Double Kettlebell Front Rack Bulgarian Split Squat,Quadriceps
Double Kettlebell Overhead Squat,Quadriceps
Double Kettlebell Half Kneeling Overhead Press,Shoulders
Double Kettlebell Front Rack Cyclist Squat,Quadriceps
Double Kettlebell Front Rack Reverse Lunge,Quadriceps
Double Kettlebell Front Rack Box Step Up,Quadriceps
Single Arm Kettlebell Overhead Contralateral Knee Over Toes Split Squat,Quadriceps
Single Arm Kettlebell Dead Clean to Rotational Overhead Press,Shoulders
Single Arm Kettlebell Rotational Overhead Press,Shoulders
Single Arm Kettlebell Sumo Deadlift,Glutes
Single Arm Kettlebell Front Rack Contralateral Knee Over Toes Split Squat,Quadriceps
Single Arm Kettlebell Push Press,Shoulders
Single Arm Kettlebell Push Jerk,Shoulders
Single Arm Kettlebell Seated Overhead Press,Shoulders
Single Arm Kettlebell Z Press,Shoulders
Single Arm Kettlebell Contralateral Split Squat Thruster,Shoulders
Double Kettlebell Split Squat Thruster,Shoulders
Kettlebell Swing,Glutes
Alternating Single Arm Kettlebell Swing,Glutes
Alternating Single Arm Kettlebell Clean,Glutes
Alternating Single Arm Kettlebell Snatch,Glutes
Single Arm Kettlebell Sots Press,Shoulders
Single Arm Kettlebell Bottoms Up Overhead Contralateral Knee Over Toes Split Squat,Quadriceps
Single Arm Kettlebell Staggered Stance Swing,Glutes
Alternating Single Arm Kettlebell Staggered Stance Swing,Glutes
Single Arm Kettlebell Half Kneeling Swing,Glutes
Double Kettlebell Outside Swing,Glutes
Double Kettlebell Outside Snatch,Glutes
Double Kettlebell Outside Clean,Glutes
Double Kettlebell Outside Clean and Press,Shoulders
Single Arm Kettlebell Side Swing,Abdominals
Parallette Push Up With Alternating Shoulder Taps,Chest
Parallette Tuck Planche,Abdominals
Parallette Dive Bomber Push Up,Chest
Bodyweight Dive Bomber Push Up,Chest
Parallette L Sit to Tuck Planche,Abdominals
Double Dumbbell Prone Row,Back
Landmine Standing Oblique Twist,Abdominals
Cable Tall Kneeling High to Low Chop,Abdominals
Single Arm Parallette Plank,Abdominals
Single Arm Suspension Plank,Abdominals
Battle Rope Russian Twist,Abdominals
Bodyweight Bird Dog Knee to Elbow,Abdominals
Slam Ball Russian Twist Feet Elevated,Abdominals
Medicine Ball Russian Twist Feet Elevated,Abdominals
Kettlebell Feet Elevated Russian Twist,Abdominals
Parallette Plank Alternating Knee to Elbow,Abdominals
Bodyweight Forearm Plank Knee to Elbow,Abdominals
Bodyweight Loaded Beast to Alternating Kick Through,Abdominals
Ring False Grip Pull Up,Back
Single Arm Kettlebell Clean to Press Windmill,Abdominals
Single Arm Kettlebell Half Kneeling Windmill,Abdominals
Battle Rope Russian Twist Feet Elevated,Abdominals
Superband Dead Bug,Abdominals
Parallette V Sit,Abdominals
Parallette Tuck V Sit,Abdominals
Barbell Staggered Stance Push Press,Shoulders
Double Kettlebell Front Rack Skater Squat,Quadriceps
Kettlebell Goblet Skater Squat,Quadriceps
Double Kettlebell Front Rack Box Pistol Squat,Quadriceps
Double Kettlebell Front Rack Pistol Squat,Quadriceps
Double Kettlebell Overhead Alternating Reverse Lunge,Quadriceps
Superband Standing Pallof Press,Abdominals
Superband Half Kneeling Pallof Press,Abdominals
Superband Hip External Rotation (90 Degree),Glutes
Barbell Prone Row,Back
Double Dumbbell Renegade Row Push Up,Back
Single Arm Landmine Row to Rotational Press,Shoulders
Bodyweight Hand Assisted Skater Squat,Quadriceps
Superband Pull Through,Glutes
Miniband Quadruped Hip Extension,Glutes
Cable Hip Adduction,Adductors
Superband Tall Kneeling Pallof Press,Abdominals
Slider Eccentric Hamstring Curl,Hamstrings
Landmine Low Hold Lateral Lunge,Quadriceps
"Double Kettlebell Renegade Row ",Back
Single Arm Dumbbell Cuban Press,Shoulders
Slider Parallette Knee Tuck,Abdominals
Barbell Supinated Shoulder Front Raise,Shoulders
Ring Pike Feet Elevated Handstand Push Up,Shoulders
Parallette Straddle Press to Handstand,Shoulders
Ring L Sit,Abdominals
Ring Tuck Back Lever With Alternating Single Leg Extensions,Abdominals
Ring Tuck Front Lever With Alternating Single Leg Extensions,Abdominals
Single Arm Kettlebell Hollow Body Hold With Flutter Kicks,Abdominals
Single Arm Kettlebell Front Rack Cyclist Squat,Quadriceps
Barbell Back Rack Cyclist Squat,Quadriceps
Inverted Crunch With Gravity Boots,Abdominals
Double Kettlebell Renegade Row Push Up,Back
Single Arm Kettlebell Bird Dog Row,Back
Barbell Back Rack Box Step Up,Quadriceps
Barbell Front Rack Box Step Up,Quadriceps
Barbell Standing Rollout,Abdominals
Stability Ball Cable Russian Twist,Abdominals
Miniband Frog Pump,Glutes
Miniband Knee Hover Quadruped Fire Hydrant,Glutes
Bodyweight Fire Hydrant,Glutes
Bodyweight Knee Hover Quadruped Fire Hydrant,Glutes
Barbell Seated Reverse Wrist Curl,Forearms
Bodyweight Seated Wall Angels,Shoulders
Bodyweight Bent Knee Copenhagen Plank Side Raise,Adductors
Bodyweight Kneeling Side Plank,Abdominals
Bodyweight Hand Assisted Hip Airplane,Glutes
Superband Single Leg Ankle Dorsiflexion,
Barbell Zercher Squat,Quadriceps
Barbell Squat Snatch,Glutes
Barbell Push Jerk,Glutes
Barbell Clean and Jerk,Glutes
Barbell Incline Bench Press,Chest
Barbell Hang Squat Clean Thruster,Shoulders
Barbell Squat Clean Thruster,Shoulders
Bodyweight Copenhagen Plank,Adductors
Bodyweight Bent Knee Copenhagen Plank,Adductors
Parallette Kneeling Close Grip Tricep Push Up,Triceps
Miniband Single Leg Hip Thrust,Glutes
Barbell Deficit Snatch Grip Deadlift,Back
"Single Arm Ring Eccentric Chin Up ",Biceps
Bodyweight Hand Assisted Foot Elevated Knee Over Toes Split Squat,Quadriceps
Bodyweight Foot Elevated Knee Over Toes Split Squat,Quadriceps
Double Kettlebell Clean to Overhead Press,Shoulders
Single Arm Kettlebell Bent Leg Windmill,Abdominals
Kettlebell Alternating Halo to Goblet Squat,Shoulders
Single Arm Kettlebell Half Kneeling Overhead Press,Shoulders
Double Kettlebell Seesaw Press,Shoulders
Single Arm Kettlebell Side to Side Swing,Abdominals
Single Arm Kettlebell Half Kneeling Clean to Side Press,Shoulders
Parallette Handstand,Shoulders
Parallette L Sit to Handstand,Shoulders
Ring Straddle L Sit,Abdominals
Parallette Stalder Press to Handstand,Shoulders
Ring Gironda Sternum Chin Up,Biceps
Ring Archer Push Up,Chest
Single Arm Ring Chin Up,Biceps
Ring L Sit Archer Pull Up,Back
Alternating Single Arm Parallette Push Up,Chest
Double Dumbbell Incline Bench Prone Y Raise,Shoulders
Single Arm Cable Kneeling Shoulder External Rotation,Shoulders
Suspension Face Pull to Overhead Press,Shoulders
Superband Assisted Muscle Up,Back
Stability Ball Sit Up,Abdominals
Single Arm Kettlebell Bottoms Up Turkish Get Up,Abdominals
Single Arm Kettlebell Thruster,Shoulders
Alternating Double Kettlebell Thruster,Shoulders
Ring Scapular Pull Up,Back
Bodyweight Side Lying Hip Adduction,Adductors
Superband Hollow Body Hold,Abdominals
Suspension Y Raise,Shoulders
"Slider Single Leg Eccentric Hamstring Curl ",Hamstrings
Barbell Reverse Grip Bench Press,Chest
Double Dumbbell Reverse Grip Bench Press,Chest
Side Plank Superband Hanging Adduction,Adductors
Single Arm Cable Seated Floor Lat Pulldown,Back
Single Arm Resistance Band Half Kneeling Cuban Press,Shoulders
Stability Ball Feet Elevated Frog Pump,Glutes
Stability Ball Feet Elevated Frog Pump With Miniband,Glutes
Single Arm Kettlebell Bottoms Up Clean to Overhead Press,Shoulders
Barbell Overhead Cyclist Squat,Quadriceps
Barbell Front Rack Cyclist Squat,Quadriceps
Single Arm Kettlebell Overhead Cyclist Squat,Quadriceps
Double Dumbbell Cuban Press,Shoulders
Barbell Cyclist Thruster,Shoulders
Single Arm Kettlebell Tactical Snatch,Glutes
Alternating Single Arm Landmine Thruster,Shoulders
Single Arm Dumbbell Cyclist Thruster,Shoulders
Alternating Single Arm Landmine Cyclist Thruster,Shoulders
Barbell Low Bar Cyclist Squat,Quadriceps
Barbell Low Bar Pause Cyclist Squat,Quadriceps
Single Arm Kettlebell Snatch to Overhead Reverse Lunge,Quadriceps
Double Kettlebell Snatch to Overhead Reverse Lunge,Quadriceps
Single Arm Kettlebell Clean to Front Rack Reverse Lunge,Quadriceps
Double Kettlebell Clean to Front Rack Reverse Lunge,Quadriceps
Single Arm Kettlebell Split Jerk,Quadriceps
Alternating Single Arm Kettlebell Split Jerk,Quadriceps
Kettlebell Swing to Bottoms Up Horn Grip Goblet Squat,Glutes
Double Kettlebell Bottoms Up Clean to Front Rack Squat,Glutes
Double Kettlebell Bottoms Up Overhead Squat,Quadriceps
Double Kettlebell Bottoms Up Thruster,Shoulders
"Single Arm Kettlebell Bottoms Up Tactical Snatch ",Glutes
Single Arm Kettlebell Bottoms Up Z Press,Shoulders
Double Kettlebell Bottoms Up Z Press,Shoulders
Double Kettlebell Sots Press,Shoulders
Alternating Double Kettlebell Sots Press,Shoulders
Single Arm Kettlebell Bottoms Up Sots Press,Shoulders
Double Kettlebell Bottoms Up Sots Press,Shoulders
Alternating Double Kettlebell Bottoms Up Sots Press,Shoulders
Double Kettlebell Seesaw Sots Press,Shoulders
Double Kettlebell Bottoms Up Seesaw Sots Press,Shoulders
Alternating Double Kettlebell Z Press,Shoulders
Double Kettlebell Seesaw Z Press,Shoulders
Double Kettlebell Bottoms Up Seesaw Press,Shoulders
Double Kettlebell Bottoms Up Seesaw Z Press,Shoulders
Double Kettlebell Bottoms Up Snatch,Glutes
Alternating Single Arm Kettlebell Bottoms Up Snatch,Glutes
Alternating Single Arm Kettlebell Around the World High Catch,Abdominals
Alternating Single Arm Kettlebell Tall Kneeling Around the World High Catch,Abdominals
Single Arm Kettlebell Around the World,Abdominals
Alternating Single Arm Kettlebell Around the World,Abdominals
Single Arm Kettlebell Tall Kneeling Around the World,Abdominals
Alternating Single Arm Tall Kneeling Around the World,Abdominals
Single Arm Kettlebell Waiter Clean,Glutes
Single Arm Kettlebell Waiter Clean Hot Potato,Glutes
Alternating Single Arm Kettlebell Waiter Clean,Glutes
Double Kettlebell Waiter Clean,Glutes
Kettlebell Swing to Alternating Single Arm Waiter Hold,Glutes
Double Kettlebell Waiter Clean to Overhead Press,Glutes
Single Arm Kettlebell Tactical Waiter Clean,Glutes
Single Arm Kettlebell Tactical Waiter Clean to Overhead Press,Glutes
Double Kettlebell Waiter Clean to Alternating Overhead Press,Glutes
Single Arm Kettlebell Waiter Snatch,Glutes
Alternating Single Arm Kettlebell Waiter Snatch,Glutes
Single Arm Kettlebell Tactical Waiter Snatch,Glutes
Double Kettlebell Waiter Snatch,Glutes
Double Kettlebell Waiter Clean to Thruster,Shoulders
Kettlebell Start Stop Swing,Glutes
Double Kettlebell Dead Clean,Glutes
Single Arm Kettlebell Half Kneeling Side Press,Shoulders
Single Arm Kettlebell Bottoms Up Thruster,Shoulders
Alternating Double Kettlebell Bottoms Up Thruster,Shoulders
Single Arm Kettlebell Dead Clean,Glutes
Alternating Single Arm Kettlebell Dead Clean,Glutes
Double Kettlebell Push Up to L Sit,Chest
Parallette Push Up to L Sit,Chest
Single Arm Kettlebell Bottoms Up Half Kneeling Windmill,Abdominals
Alternating Single Arm Kettlebell Half Kneeling Around the World High Catch,Abdominals
Single Arm Kettlebell Start Stop Squat Clean Thruster,Shoulders
Alternating Single Arm Kettlebell Start Stop Squat Clean Thruster,Shoulders
Double Kettlebell Start Stop Squat Clean Thruster,Shoulders
Barbell Single Leg Standing Bent Knee Overhead Press,Shoulders
Single Arm Kettlebell Bent Press,Shoulders
Single Arm Barbell Bent Press,Shoulders
Alternating Single Arm Kettlebell Around the World High Catch to Squat,Abdominals
Single Arm Kettlebell Cossack Squat Thruster,Shoulders
Double Kettlebell Cossack Squat Thruster,Shoulders
Double Kettlebell Alternating Cossack Squat Thruster,Shoulders
Alternating Single Arm Kettlebell Bottoms Up Clean to Overhead Press,Shoulders
Double Kettlebell Bottoms Up Clean to Overhead Press,Shoulders
Double Kettlebell Bottoms Up Overhead Knee Over Toes Split Squat,Quadriceps
Single Arm Kettlebell Overhead Knee Over Toes Split Squat,Quadriceps
Single Arm Kettlebell Bottoms Up Overhead Knee Over Toes Split Squat,Quadriceps
"Barbell Overhead Bulgarian Split Squat ",Quadriceps
Barbell Bulgarian Split Squat Thruster,Shoulders
"Single Arm Barbell Overhead Bulgarian Split Squat ",Quadriceps
Single Arm Kettlebell Swing to Bottoms Up Horn Grip Goblet Squat,Glutes
Double Kettlebell Overhead Pistol Squat,Quadriceps
Double Kettlebell Bottoms Up Front Rack Pistol Squat,Quadriceps
Double Kettlebell Bottoms Up Overhead Pistol Squat,Quadriceps
Bodyweight Standing Wall Angels,Shoulders
Double Kettlebell Clean to Sots Press,Shoulders
Double Kettlebell Bottoms Up Clean to Sots Press,Shoulders
Plate Lu Raise,Shoulders
Single Arm Plate Windmill,Abdominals
Single Arm Plate Turkish Get Up,Abdominals
Plate Steering Wheel,Shoulders
Kettlebell Half Kneeling Alternating Halo,Shoulders
Kettlebell Tall Kneeling Alternating Halo,Shoulders
Kettlebell Tall Kneeling Alternating Hip to Halo,Shoulders
Double Kettlebell Clean to Thruster,Shoulders
Double Kettlebell Single Leg Standing Bent Knee Overhead Press,Shoulders
Double Kettlebell Bottoms Up Single Leg Standing Bent Knee Overhead Press,Shoulders
Single Arm Kettlebell Single Leg Standing Bent Knee Contralateral Overhead Press,Shoulders
Suspension Single Leg Standing Bent Knee Reverse Fly,Shoulders
Suspension Reverse Fly,Shoulders
Suspension Single Leg Standing Bent Knee Y Raise,Shoulders
Suspension Single Leg Standing Bent Knee Face Pull,Shoulders
Suspension Single Leg Standing Bent Knee Face Pull to Overhead Press,Shoulders
Single Arm Kettlebell Bottoms Up Single Leg Standing Bent Knee Contralateral Overhead Press,Shoulders
Double Kettlebell Bottoms Up Overhead Bulgarian Split Squat,Quadriceps
Single Arm Kettlebell Bottoms Up Overhead Contralateral Bulgarian Split Squat,Quadriceps
Single Arm Kettlebell Suitcase Contralateral Bulgarian Split Squat,Quadriceps
Single Arm Kettlebell Suitcase Ipsilateral Bulgarian Split Squat,Quadriceps
Double Kettlebell Bottoms Up Front Rack Bulgarian Split Squat,Quadriceps
Double Kettlebell Suitcase Bulgarian Split Squat,Quadriceps
"Double Kettlebell Bulgarian Split Squat Thruster ",Shoulders
Double Kettlebell Bottoms Up Bulgarian Split Squat Thruster,Shoulders
Single Arm Kettlebell Bottoms Up Front Rack Contralateral Bulgarian Split Squat,Quadriceps
Single Arm Kettlebell Front Rack Contralateral Bulgarian Split Squat,Quadriceps
Single Arm Kettlebell Bottoms Up Front Rack Ipsilateral Bulgarian Split Squat,Quadriceps
Single Arm Kettlebell Front Rack Ipsilateral Bulgarian Split Squat,Quadriceps
Single Arm Kettlebell Bottoms Up Single Leg Standing Bent Knee Ipsilateral Overhead Press,Shoulders
Barbell Overhead Pistol Squat,Quadriceps
Suspension Cuban Press,Shoulders
Suspension Single Leg Standing Bent Knee Cuban Press,Shoulders
Double Kettlebell Turkish Get Up,Abdominals
Single Arm Barbell Overhead Knee Over Toes Split Squat,Quadriceps
Single Arm Barbell Knee Over Toes Split Squat Thruster,Shoulders
Barbell Knee Over Toes Split Squat Thruster,Shoulders
Double Kettlebell Knee Over Toes Split Squat Thruster,Shoulders
Double Kettlebell Bottoms Up Knee Over Toes Split Squat Thruster,Shoulders
"Double Kettlebell Bottoms Up Overhead Knee Over Toes Split Squat ",Quadriceps
Single Arm Kettlebell Bottoms Up Knee Over Toes Split Squat Thruster,Shoulders
Single Arm Barbell Bulgarian Split Squat Thruster,Shoulders
Single Arm Barbell Windmill,Abdominals
Bodyweight Bent Leg Windmill,Abdominals
Bodyweight Windmill,Abdominals
Superband Half Knee Hover Pallof Press,Abdominals
Single Arm Barbell Turkish Get Up,Abdominals
"Single Arm Barbell Single Leg Standing Bent Knee Contralateral Overhead Press ",Shoulders
Single Arm Barbell Single Leg Standing Bent Knee Ipsilateral Overhead Press,Shoulders
Kettlebell Bottoms Up Horn Grip Goblet Bulgarian Split Squat,Quadriceps
Double Kettlebell Snatch to Overhead Squat,Quadriceps
Single Arm Kettlebell Half Kneeling Dead Clean,Glutes
Single Arm Kettlebell Half Kneeling Clean,Glutes
Single Arm Kettlebell Half Kneeling Snatch,Glutes
Double Kettlebell Front Rack Alternating Curtsy Lunge,Quadriceps
Double Kettlebell Front Rack Squat to Alternating Curtsy Lunge,Quadriceps
Kettlebell Bottoms Up Horn Grip Toe Balance Squat,Quadriceps
Bodyweight Single Arm Contralateral Single Leg Push Up,Chest
Single Arm Barbell Overhead Toe Balance Squat,Quadriceps
Barbell Overhead Toe Balance Squat,Quadriceps
Double Kettlebell Dead Squat Clean,Quadriceps
Single Arm Kettlebell Dead Squat Clean,Quadriceps
Ring Kneeling Rollout,Abdominals
Single Arm Ring Kneeling Rollout,Abdominals
Ring Standing Rollout,Abdominals
Ring Alternating Single Arm Reach Push Up,Chest
Ring L Sit Dips,Triceps
Kettlebell Goblet Cyclist Squat,Quadriceps
Kettlebell Bottoms Up Horn Grip Cyclist Squat,Quadriceps
Single Arm Kettlebell Bottoms Up Front Rack Cyclist Squat,Quadriceps
Double Kettlebell Dead Clean to Overhead Press,Shoulders
Double Kettlebell Dead Clean to Thruster,Shoulders
Single Arm Kettlebell Dead Snatch,Glutes
Alternating Single Arm Kettlebell Dead Snatch,Glutes
Double Kettlebell Dead Snatch,Glutes
Barbell Decline Bench Press,Chest
Bodyweight Hand Assisted Bulgarian Split Squat,Quadriceps
Bodyweight Bulgarian Split Squat,Quadriceps
Stability Ball Otis Up,Abdominals
Plate Otis Up,Abdominals
Double Kettlebell Otis Up,Abdominals
Single Arm Kettlebell Otis Up,Abdominals
Kettlebell Horn Grip Otis Up,Abdominals
Double Kettlebell Bottoms Up Otis Up,Abdominals
Single Arm Kettlebell Bottoms Up Otis Up,Abdominals
Single Arm Kettlebell Bottoms Up Turkish Sit Up,Abdominals
Double Kettlebell Bottoms Up Turkish Sit Up,Abdominals
Double Kettlebell Bottoms Up Turkish Sit Up to Z Press,Abdominals
Single Arm Kettlebell Turkish Sit Up to Z Press,Abdominals
Single Arm Kettlebell Bottoms Up Turkish Sit Up to Z Press,Abdominals
Double Dumbbell Decline Bench Press,Chest
Double Dumbbell Flat Bench Chest Fly,Chest
Double Dumbbell Decline Bench Chest Fly,Chest
Alternating Double Kettlebell Rotational Overhead Press,Shoulders
Double Kettlebell Clean to Alternating Rotational Overhead Press,Shoulders
Single Arm Kettlebell Rotational Thruster,Shoulders
Alternating Single Arm Kettlebell Clean to Rotational Thruster,Shoulders
Double Kettlebell Overhead Alternating Cossack Squat,Quadriceps
Alternating Single Arm Kettlebell Clean to Rotational Overhead Press,Shoulders
Alternating Single Arm Kettlebell Bottoms Up Clean to Rotational Overhead Press,Shoulders
Double Kettlebell Bottoms Up Clean to Alternating Rotational Overhead Press,Shoulders
Double Kettlebell Bottoms Up Dead Clean,Glutes
Double Kettlebell Bottoms Up Dead Clean to Overhead Press,Shoulders
Double Kettlebell Bottoms Up Dead Clean to Thruster,Shoulders
Double Kettlebell Bottoms Up Dead Clean to Alternating Rotational Overhead Press,Shoulders
Double Kettlebell Bottoms Up Dead Clean to Alternating Rotational Thruster,Shoulders
Double Kettlebell Dead Clean to Alternating Rotational Overhead Press,Shoulders
Double Kettlebell Dead Clean to Alternating Rotational Thruster,Shoulders
Single Ring Chin Up,Biceps
Double Kettlebell Windmill,Abdominals
Single Arm Suspension Single Leg Standing Bent Knee Contralateral Low Row,Back
Single Arm Suspension Single Leg Standing Bent Knee Ipsilateral Low Row,Back
Suspension Single Leg Standing Bent Knee Bicep Curl,Biceps
Single Arm Suspension Single Leg Standing Bent Knee Contralateral Bicep Curl,Biceps
Single Arm Suspension Single Leg Standing Bent Knee Ipsilateral Bicep Curl,Biceps
Single Arm Plate Teacup,Shoulders
Ring L Sit Chin Up,Biceps
Single Ring L Sit Chin Up,Biceps
Barbell Front Rack Bulgarian Split Squat,Quadriceps
Barbell Back Rack Bulgarian Split Squat,Quadriceps
Single Arm Suspension Contralateral Pistol Squat,Quadriceps
Barbell Front Rack Alternating Curtsy Lunge,Quadriceps
Bodyweight Dragon Flag,Abdominals
Double Kettlebell Dragon Flag,Abdominals
Ring Iron Cross,Back
Parallette Tuck Planche Push Up,Chest
Parallette Full Planche,Abdominals
Parallette Full Planche Push Up,Chest
Ring Inverted Iron Cross,Back
Ring Maltese Push Up,Chest
Ring Tuck Planche,Abdominals
Ring Tuck Planche Push Up,Chest
Ring Full Planche,Abdominals
Ring Full Planche Push Up,Chest
Ring Grip Full Planche Push Up,Chest
Ring Grip Full Planche,Abdominals
Bodyweight Full Planche,Abdominals
Cable Quadruped Hip Abduction,Abductors
Alternating Double Kettlebell Push Press,Shoulders
Double Kettlebell Front Rack 90/90 Hip Shift to Alternating Overhead Press,Shoulders
Parallette L Sit to Tuck Planche Push Up,Chest
Ring L Sit to Tuck Planche Push Up,Chest
Parallette Straddle Planche,Abdominals
Parallette Straddle Planche Push Up,Chest
Ring Straddle Planche,Abdominals
Ring Straddle Planche Push Up,Chest
Barbell Turkish Sit Up,Abdominals
Plate Turkish Sit Up,Abdominals
Barbell Seated Overhead Press,Shoulders
Single Arm Barbell Turkish Sit Up,Abdominals
Dumbbell Crush Grip Romanian Deadlift,Hamstrings
Ring Pelican Curl,Biceps
Kettlebell Dead Bug,Abdominals
Single Arm Kettlebell Bottoms Up Copenhagen Plank,Adductors
Ring Chin Up,Biceps
Ring Two Finger Chin Up,Biceps
Dumbbell Crush Grip Bent Over Row,Back
Double Kettlebell Bottoms Up Front Rack Walking Lunge,Quadriceps
Dumbbell Crush Grip Bicep Curl to Overhead Press,Shoulders
Dumbbell Crush Grip Overhead Press,Shoulders
Dumbbell Crush Grip Hollow Body Hold With Flutter Kicks,Abdominals
Dumbbell Crush Grip Floor Chest Press,Chest
Parallette Crow Pose,Abdominals
Dumbbell Crush Grip Z Press,Shoulders
Kettlebell Dead Clean to Horn Grip Goblet Squat,Quadriceps
Dumbbell Crush Grip Standing Overhead Tricep Extension,Triceps
Barbell Front Rack Alternating Cossack Squat Hold to Overhead Press,Shoulders
Double Kettlebell Bottoms Up Front Rack March,Abdominals
Double Kettlebell Bottoms Up Overhead March,Abdominals
Barbell Half Kneeling Overhead Press,Shoulders
Barbell Tall Kneeling Overhead Press,Shoulders
Single Arm Kettlebell Tactical Clean,Glutes
Barbell Overhead March,Abdominals
Single Arm Barbell Overhead March,Abdominals
Double Kettlebell Bottoms Up Overhead Adductor Slide,Adductors
Double Kettlebell Bottoms Up Front Rack Adductor Slide,Adductors
Double Kettlebell Front Rack Adductor Slide,Adductors
Bodyweight Adductor Slide,Adductors
Parallette Plyometric Push Up,Chest
Parallette Plyometric Clapping Push Up,Chest
Alternating Single Arm Kettlebell Ballistic Row,Back
Double Kettlebell Front Rack Pivot Split Squat,Quadriceps
Double Kettlebell Bottoms Up Front Rack Pivot Split Squat,Quadriceps
Double Kettlebell Bottoms Up Overhead Pivot Split Squat,Quadriceps
Double Dumbbell Front Rack Pivot Split Squat,Quadriceps
Bodyweight Row Feet Elevated,Back
Bodyweight Row,Back
Ring Row,Back
Ring Bulgarian Row,Back
Kettlebell Half Kneeling Rotational Swing,Abdominals
Double Kettlebell Push Jerk,Shoulders
Double Kettlebell Clean to Push Jerk,Shoulders
Slider Barbell Overhead Reverse Lunge,Quadriceps
Slider Single Arm Barbell Overhead Reverse Lunge,Quadriceps
Bodyweight Pseudo Planche Push Up,Chest
Parallette Pseudo Planche Push Up,Chest
Kettlebell Half Knee Hover Low to High Chop,Abdominals
Kettlebell Half Knee Hover Alternating Halo,Shoulders
Double Kettlebell Front Rack March,Abdominals
Double Kettlebell Suitcase March,Abdominals
Single Arm Kettlebell Rotational Snatch,Shoulders
Double Dumbbell Staggered Stance Romanian Deadlift,Hamstrings
Barbell Staggered Stance Romanian Deadlift,Hamstrings
Single Arm Kettlebell Contralateral Staggered Stance Romanian Deadlift,Hamstrings
Ring Hanging Knees to Elbows,Abdominals
Barbell Staggered Stance Overhead Press,Shoulders
Double Kettlebell Dead Clean to Front Rack Squat,Quadriceps
Superband Assisted Nordic Hamstring Curl,Hamstrings
Double Kettlebell Front Rack Alternating Shin Box Hip Extension to Overhead Press,Shoulders
Bodyweight Alternating Shin Box to Hip Extension,Glutes
Double Kettlebell Overhead Alternating Shin Box to Hip Extension,Glutes
Double Kettlebell Bottoms Up Turkish Get Up,Abdominals
Kettlebell Staggered Stance Rotational Swing,Abdominals
Single Arm Kettlebell Suitcase Curtsy Lunge,Quadriceps
Single Arm Kettlebell Suitcase Alternating Curtsy Lunge Pass Through,Quadriceps
Single Arm Kettlebell Suitcase Walking Lunge Pass Through,Quadriceps
Double Kettlebell Bottoms Up Bench Press,Chest
Double Kettlebell Overhead Press,Shoulders
Double Kettlebell Bottoms Up Overhead Press,Shoulders
Double Kettlebell Suitcase Carry,Forearms
Single Arm Kettlebell Suitcase Carry,Forearms
Single Arm Dumbbell Suitcase Carry,Forearms
Double Dumbbell Glute Bridge Bench Press,Chest
Double Kettlebell Bottoms Up Glute Bridge Bench Press,Chest
Double Kettlebell Bottoms Up Single Leg Glute Bridge Bench Press,Chest
Bodyweight Foot Elevated Cossack Squat,Quadriceps
Kettlebell Goblet Foot Elevated Cossack Squat,Quadriceps
Barbell Overhead Foot Elevated Cossack Squat,Quadriceps
Landmine Half Knee Hover Oblique Twist,Abdominals
Alternating Single Arm Kettlebell Knee Hover Quadruped Pull Through,Abdominals
Barbell Back Rack Foot Elevated Cossack Squat,Quadriceps
Barbell Front Rack Foot Elevated Cossack Squat,Quadriceps
Cable Seated Floor V Grip Lat Pulldown,Back
Barbell Overhead Low Switch Cossack Squat,Quadriceps
Single Arm Kettlebell High Pull,Shoulders
Double Kettlebell Suitcase Deficit Bulgarian Split Squat,Quadriceps
Alternating Single Arm Kettlebell Front Rack Squat,Quadriceps
Alternating Single Arm Kettlebell Thruster,Shoulders
Double Kettlebell Suitcase Knee Over Toes Split Squat,Quadriceps
Double Kettlebell Sumo Deadlift to Push Up,Back
Alternating Single Arm Kettlebell Clean to Thruster,Shoulders
Battle Rope Half Knee Hover Alternating Side Slam,Abdominals
Superband Standing Adduction,Adductors
Superband Lateral Adduction Steps,Adductors
Single Arm Kettlebell Bottoms Up Copenhagen Plank Side Raise,Adductors
Single Arm Kettlebell Single Leg Balance Transfer,Abdominals
Bosu Ball Single Arm Kettlebell Single Leg Balance Transfer,Abdominals
Single Arm Kettlebell Suitcase Foot Elevated Knee Over Toes Split Squat,Quadriceps
Single Arm Kettlebell Suitcase Contralateral Knee Over Toes Split Squat,Quadriceps
Suspension Alternating Cossack Squat,Quadriceps
Battle Rope Single Leg Balance Alternating Wave,Biceps
Battle Rope Alternating Wave,Biceps
Battle Rope Half Knee Hover Alternating Wave,Biceps
Superband Assisted Dips,Chest
Cable Tall Kneeling Face Pull,Shoulders
Suspension Split Squat,Quadriceps
Double Kettlebell Suitcase Deadlift,Back
Suspension Cyclist Squat,Quadriceps
Cable Rope Tall Kneeling Tricep Pushdown,Triceps
Cable Rope Staggered Stance Tricep Pushdown,Triceps
Suspension Single Arm Contralateral Skater Squat,Quadriceps
Double Kettlebell Bottoms Up Clean,Glutes
Alternating Single Arm Kettlebell Feet Elevated Plank Pull Through,Abdominals
Double Kettlebell Clean to Alternating Thruster,Shoulders
Double Kettlebell Clean to Alternating Overhead Press,Shoulders
Bodyweight Cyclist Squat,Quadriceps
Double Kettlebell Bottoms Up Clean to Thruster,Shoulders
Double Kettlebell Bottoms Up Clean to Alternating Thruster,Shoulders
Double Kettlebell Bottoms Up Clean to Alternating Overhead Press,Shoulders
Double Kettlebell Clean to Split Jerk,Shoulders
Double Kettlebell Bottoms Up Clean to Split Jerk,Shoulders
Single Arm Kettlebell Clean to Split Jerk,Shoulders
Alternating Single Arm Kettlebell Clean to Split Jerk,Shoulders
Single Arm Kettlebell Bottoms Up Clean to Split Jerk,Shoulders
Alternating Single Arm Kettlebell Bottoms Up Clean to Split Jerk,Shoulders
Double Kettlebell Bottoms Up Split Jerk,Shoulders
Single Arm Kettlebell Bottoms Up Split Jerk,Shoulders
Alternating Single Arm Kettlebell Bottoms Up Clean,Glutes
Single Arm Kettlebell Bottoms Up Clean,Glutes
Slider Single Leg Hamstring Curl,Hamstrings
Alternating Single Arm Kettlebell Bottoms Up Clean to Thruster,Shoulders
Single Arm Suspension Cyclist Squat,Quadriceps
Alternating Single Arm Kettlebell Bottoms Up Clean to Front Rack Squat,Quadriceps
Single Arm Kettlebell Split Squat Thruster,Shoulders
Barbell Low Bar Pause Back Squat,Quadriceps
Barbell Pause Front Squat,Quadriceps
Barbell High Bar Pause Back Squat,Quadriceps
Barbell Overhead Pause Squat,Quadriceps
Double Kettlebell Suitcase Alternating Reverse Lunge,Quadriceps
Ring Hanging Knees to Wrists,Abdominals
Suspension Adductor Slide,Adductors
Alternating Single Arm Kettlebell Sumo Deadlift,Glutes
Dumbbell Goblet Cyclist Squat,Quadriceps
Barbell Front Rack Adductor Slide,Adductors
Barbell Back Rack Adductor Slide,Adductors
Barbell Overhead Alternating Cossack Squat,Quadriceps
Barbell Overhead Alternating Reverse Lunge,Quadriceps
Miniband Side Plank Hip Abduction,Abductors
Slider Double Kettlebell Suitcase Reverse Lunge,Quadriceps
Slider Double Kettlebell Front Rack Reverse Lunge,Quadriceps
Slider Double Kettlebell Overhead Reverse Lunge,Quadriceps
Single Arm Kettlebell Suitcase March,Abdominals
Single Arm Kettlebell Bottoms Up Overhead March,Abdominals
Single Arm Kettlebell Bottoms Up Front Rack March,Abdominals
Parallette Close Grip Single Leg Push Up,Triceps
Double Kettlebell Half Snatch,Glutes
Alternating Single Arm Kettlebell Half Snatch,Glutes
Single Arm Kettlebell Half Snatch,Shoulders
Double Kettlebell Half Snatch to Thruster,Shoulders
Alternating Single Arm Kettlebell Half Snatch to Thruster,Shoulders
Single Arm Kettlebell Bottoms Up Overhead Alternating Cossack Squat,Quadriceps
Kettlebell Goblet Horse Stance Squat,Quadriceps
Suspension Alternating Curtsy Lunge,Quadriceps
Double Kettlebell Alternating Forward Lunge Snatch,Quadriceps
Barbell Front Rack Alternating Forward Lunge,Quadriceps
Barbell Front Rack Alternating Reverse Lunge,Quadriceps
Barbell Overhead Alternating Forward Lunge,Quadriceps
Macebell 360,Shoulders
Single Arm Macebell 360,Shoulders
"Macebell 10 to 2 ",Shoulders
Macebell Barbarian Squat,Quadriceps
Single Arm Macebell Barbarian Squat,Quadriceps
Macebell Ballistic Curl,Biceps
Macebell Single Leg Standing Bent Knee Ballistic Curl,Biceps
Macebell Half Knee Hover Low to High Chop,Abdominals
Single Arm Macebell Single Leg Standing Bent Knee 360,Shoulders
Double Indian Club Outer Heart Shaped Swing,Shoulders
Single Arm Indian Club Outer Heart Shaped Swing,Shoulders
Macebell Front Swing to 360,Shoulders
Macebell Alternating Front Swing to 360,Shoulders
Clubbell Swing to Gamma Cast,Shoulders
Macebell Alternating 360,Shoulders
Single Arm Landmine Single Leg Standing Bent Knee Ipsilateral Shoulder Press,Shoulders
Single Arm Landmine Single Leg Standing Bent Knee Contralateral Shoulder Press,Shoulders
Alternating Single Arm Landmine Single Leg Standing Bent Knee Shoulder Press,Shoulders
Double Kettlebell Feet Elevated Renegade Row,Back
Double Kettlebell Feet Elevated Renegade Row Push Up,Back
Macebell Alternating 360 to Lateral Uppercut,Shoulders
Macebell Alternating 360 to Alternating Lateral Lunge Front Press,Shoulders
Clubbell Shield Cast,Shoulders
Single Arm Clubbell Shield Cast,Shoulders
Alternating Double Clubbell Shield Cast,Shoulders
Single Arm Clubbell Inside Circle,Abdominals
Double Clubbell Alternating Inside Circles,Abdominals
Clubbell Inside Circle,Abdominals
Clubbell Alternating Inside Circle,Abdominals
Double Clubbell Side Shoulder Cast,Shoulders
Double Clubbell Side Shoulder Cast to Side Flag Press,Shoulders
Double Clubbell Swipe to Alternating Reverse Lunge Side Shoulder Cast to Side Flag Press,Shoulders
Clubbell Swing to Alternating Side Shoulder Park Squat,Glutes
Double Clubbell Single Leg Standing Bent Knee Side Shoulder Cast to Side Flag Press,Shoulders
Clubbell Clean to Barbarian Squat,Quadriceps
Clubbell Mill,Shoulders
Clubbell Inside Pendulum,Abdominals
Clubbell Half Kneeling Shield Cast,Shoulders
Clubbell Half Knee Hover Shield Cast,Shoulders
Clubbell Single Leg Standing Bent Knee Shield Cast,Shoulders
Double Clubbell Iron Cross,Shoulders
Double Clubbell Half Kneeling Iron Cross,Shoulders
Double Clubbell Half Knee Hover Iron Cross,Shoulders
Double Clubbell Single Leg Standing Bent Knee Iron Cross,Shoulders
Double Kettlebell Half Snatch to Overhead Press,Shoulders
Double Kettlebell Half Snatch to Front Rack Squat,Shoulders
Double Clubbell Alternating Reverse Lunge Front Flag Press,Quadriceps
Clubbell Gamma Cast,Shoulders
Clubbell Half Kneeling Gamma Cast,Shoulders
Clubbell Half Knee Hover Gamma Cast,Shoulders
Clubbell Single Leg Standing Bent Knee Gamma Cast,Shoulders
Single Arm Clubbell Pullover,Back
Double Clubbell Pullover,Back
Clubbell Pullover,Back
Clubbell Side Swing,Abdominals
Single Arm Clubbell Side Swing,Abdominals
Single Arm Clubbell Inside Pendulum,Abdominals
Double Clubbell Swipe,Glutes
Single Arm Clubbell Swipe,Glutes
Single Arm Clubbell Crossbody Swipe,Abdominals
Macebell Alternating 360 to Front Flag Press,Shoulders
Single Arm Clubbell Inside Circle to Shield Cast,Shoulders
Clubbell Barbarian Squat,Quadriceps
Single Arm Clubbell Inside Circle to Outside Circle,Abdominals
Clubbell Side to Side Swing,Abdominals
Double Clubbell Barbarian Squat,Quadriceps
Alternating Single Arm Clubbell Inside Circle,Abdominals
Single Arm Clubbell Side to Side Swing,Abdominals
Alternating Single Arm Clubbell Side to Side Swing,Abdominals
Clubbell Alternating Inside Pendulum to Gamma Cast,Shoulders
Single Arm Clubbell Single Leg Standing Bent Knee Contralateral Shield Cast,Shoulders
Double Clubbell Side Flag Press,Shoulders
Clubbell Front Flag Press,Shoulders
Single Arm Clubbell Inside Circle to Front Flag Press,Shoulders
Single Arm Kettlebell Bottoms Up Overhead Adductor Slide,Adductors
Double Clubbell Order Bulgarian Split Squat,Quadriceps
Barbell Hang Squat Clean,Quadriceps
Kettlebell Single Leg Standing Hip Flexion,Hip Flexors
Miniband Supine Alternating Hip Flexion,Hip Flexors
Double Indian Club Inner Heart Shaped Swing,Shoulders
Single Arm Indian Club Inner Heart Shaped Swing,Shoulders
Alternating Double Indian Club Inner Heart Shaped Swing,Shoulders
Double Indian Club Crescent Swing,Shoulders
Single Arm Clubbell Barbarian Squat,Quadriceps
Single Arm Clubbell Single Leg Standing Bent Knee Ipsilateral Shield Cast,Shoulders
Clubbell Order Cyclist Squat,Quadriceps
Single Arm Clubbell Order Contralateral Bulgarian Split Squat,Quadriceps
Alternating Double Clubbell Side Flag Press,Shoulders
Single Arm Clubbell Side Flag Press,Shoulders
Single Arm Clubbell Side Shoulder Cast,Shoulders
Clubbell Order Squat,Quadriceps
Single Arm Clubbell Order Ipsilateral Bulgarian Split Squat,Quadriceps
Single Arm Clubbell Order Squat,Quadriceps
Double Clubbell Order Squat,Quadriceps
Single Arm Macebell Front Swing to 360,Shoulders
Single Arm Ring Dead Hang,Back
Clubbell Torch Press,Shoulders
Single Arm Clubbell Torch Press,Shoulders
Double Clubbell Torch Press,Shoulders
Alternating Double Clubbell Torch Press,Shoulders
Single Arm Clubbell Front Flag Press,Shoulders
Double Clubbell Front Flag Press,Shoulders
Alternating Double Clubbell Front Flag Press,Shoulders
Double Indian Club Lateral Internal and External Rotations,Shoulders
Single Arm Indian Club Lateral Internal and External Rotation,Shoulders
Double Indian Club Overhead Arm Circles,Shoulders
Double Indian Club Lateral Arm Circles,Shoulders
Resistance Band Shoulder Dislocates,Shoulders
Suspension Reverse Grip Bicep Curl,Forearms
Bulgarian Bag Side to Side Swing,Abdominals
Barbell Reverse Grip Bicep Curl,Forearms
Cable Straight Bar Reverse Grip Bicep Curl,Forearms
Cable Straight Bar Bicep Curl,Biceps
Clubbell Clean,Glutes
Double Clubbell Clean,Glutes
Single Arm Clubbell Clean,Glutes
Single Arm Clubbell Reverse Mill,Shoulders
Bulgarian Bag Spin,Shoulders
Bulgarian Bag Alternating Spin,Shoulders
Bulgarian Bag Alternating Spin to Side Swing Squat,Shoulders
Bulgarian Bag Swipe,Glutes
Bulgarian Bag Snatch,Glutes
Bulgarian Bag Alternating Rotational Snatch,Shoulders
Bulgarian Bag Alternating Side Swing Squat,Abdominals
Bulgarian Bag Clean,Glutes
Bulgarian Bag Swing,Glutes
Bulgarian Bag Front Rack Squat,Quadriceps
Bulgarian Bag Back Rack Squat,Quadriceps
Bulgarian Bag Swing Squat,Glutes
Bulgarian Bag Alternating Forward Lunge with Rotation,Quadriceps
Clubbell Tall Kneeling Gamma Cast,Shoulders
Clubbell Tall Kneeling Shield Cast,Shoulders
Single Arm Clubbell Tall Kneeling Shield Cast,Shoulders
Double Clubbell Swipe to Alternating Shield Cast,Shoulders
Double Clubbell Order Cyclist Squat,Quadriceps
Single Arm Clubbell Order Cyclist Squat,Quadriceps
Single Arm Clubbell Mill,Shoulders
Double Clubbell Mill,Shoulders
Single Arm Cable Reverse Grip Bicep Curl,Forearms
Dumbbell Goblet Low Switch Cossack Squat,Quadriceps
Kettlebell Goblet Low Switch Cossack Squat,Quadriceps
Double Kettlebell Front Rack Cossack Squat,Quadriceps
Double Kettlebell Front Rack Low Switch Cossack Squat,Quadriceps
Double Kettlebell Bottoms Up Front Rack Low Switch Cossack Squat,Quadriceps
Double Kettlebell Bottoms Up Front Rack Cossack Squat,Quadriceps
Double Kettlebell Overhead Cossack Squat,Quadriceps
Double Kettlebell Bottoms Up Overhead Cossack Squat,Quadriceps
Double Dumbbell Front Rack Cossack Squat,Quadriceps
Double Dumbbell Overhead Alternating Cossack Squat,Quadriceps
Double Dumbbell Overhead Cossack Squat,Quadriceps
Double Dumbbell Low Hold Alternating Cossack Squat,Quadriceps
Double Dumbbell Low Hold Cossack Squat,Quadriceps
Kettlebell Low Hold Cossack Squat,Quadriceps
Kettlebell Low Hold Alternating Cossack Squat,Quadriceps
Suspension Low Switch Cossack Squat,Quadriceps
Suspension Cossack Squat,Quadriceps
Single Arm Suspension Alternating Cossack Squat,Quadriceps
Single Arm Suspension Cossack Squat,Quadriceps
Single Arm Suspension Low Switch Cossack Squat,Quadriceps
Suspension Foot Elevated Cossack Squat,Quadriceps
Single Arm Suspension Foot Elevated Cossack Squat,Quadriceps
Barbell Overhead Cossack Squat,Quadriceps
Barbell Front Rack Low Switch Cossack Squat,Quadriceps
Barbell Front Rack Foot Elevated Cossack Squat,Quadriceps
Barbell Back Rack Low Switch Cossack Squat,Quadriceps
Barbell Back Rack Foot Elevated Cossack Squat,Quadriceps
Barbell Back Rack Cossack Squat,Quadriceps
Barbell Front Rack Cossack Squat,Quadriceps
Landmine Goblet Cossack Squat,Quadriceps
Landmine Goblet Low Switch Cossack Squat,Quadriceps
Landmine Goblet Foot Elevated Cossack Squat,Quadriceps
Landmine Low Hold Cossack Squat,Quadriceps
Landmine Low Hold Low Switch Cossack Squat,Quadriceps
Landmine Low Hold Foot Elevated Cossack Squat,Quadriceps
Dumbbell Goblet Cossack Squat,Quadriceps
Dumbbell Goblet Foot Elevated Cossack Squat,Quadriceps
Double Dumbbell Overhead Low Switch Cossack Squat,Quadriceps
Double Dumbbell Overhead Foot Elevated Cossack Squat,Quadriceps
Double Dumbbell Front Rack Low Switch Cossack Squat,Quadriceps
Double Dumbbell Front Rack Foot Elevated Cossack Squat,Quadriceps
Single Arm Dumbbell Front Rack Cossack Squat,Quadriceps
Single Arm Dumbbell Front Rack Alternating Cossack Squat,Quadriceps
Single Arm Dumbbell Front Rack Low Switch Cossack Squat,Quadriceps
Single Arm Dummbell Front Rack Foot Elevated Cossack Squat,Quadriceps
Double Dumbbell Low Hold Low Switch Cossack Squat,Quadriceps
Double Dumbbell Low Hold Foot Elevated Cossack Squat,Quadriceps
Dumbbell Low Hold Cossack Squat,Quadriceps
Dumbbell Low Hold Alternating Cossack Squat,Quadriceps
Dumbbell Low Hold Low Switch Cossack Squat,Quadriceps
Dumbbell Low Hold Foot Elevated Cossack Squat,Quadriceps
Single Arm Kettlebell Front Rack Cossack Squat,Quadriceps
Single Arm Kettlebell Front Rack Low Switch Cossack Squat,Quadriceps
Single Arm Kettlebell Front Rack Foot Elevated Cossack Squat,Quadriceps
Clubbell Order Alternating Cossack Squat,Quadriceps
Clubbell Order Cossack Squat,Quadriceps
Clubbell Order Low Switch Cossack Squat,Quadriceps
Clubbell Order Foot Elevated Cossack Squat,Quadriceps
Double Clubbell Order Alternating Cossack Squat,Quadriceps
Double Clubbell Order Cossack Squat,Quadriceps
Double Clubbell Order Low Switch Cossack Squat,Quadriceps
Double Clubbell Order Foot Elevated Cossack Squat,Quadriceps
Clubbell Front Flag Hold Cossack Squat,Quadriceps
Clubbell Front Flag Hold Alternating Cossack Squat,Quadriceps
Clubbell Front Flag Hold Low Switch Cossack Squat,Quadriceps
Clubbell Front Flag Hold Foot Elevated Cossack Squat,Quadriceps
Double Clubbell Front Flag Hold Cossack Squat,Quadriceps
Double Clubbell Front Flag Hold Alternating Cossack Squat,Quadriceps
Double Clubbell Front Flag Hold Low Switch Cossack Squat,Quadriceps
Double Clubbell Front Flag Hold Foot Elevated Cossack Squat,Quadriceps
Single Arm Clubbell Order Cossack Squat,Quadriceps
Single Arm Clubbell Order Alternating Cossack Squat,Quadriceps
Single Arm Clubbell Order Low Switch Cossack Squat,Quadriceps
Single Arm Clubbell Order Foot Elevated Cossack Squat,Quadriceps
Single Arm Clubbell Front Flag Hold Cossack Squat,Quadriceps
Single Arm Clubbell Front Flag Hold Alternating Cossack Squat,Quadriceps
Single Arm Clubbell Front Flag Hold Low Switch Cossack Squat,Quadriceps
Single Arm Clubbell Front Flag Hold Foot Elevated Cossack Squat,Quadriceps
Heavy Sandbag Bear Hug Carry,Abdominals
Dumbbell Hip Thrust,Glutes
Double Dumbbell Overhead Carry,Shoulders
Double Kettlebell Front Rack Carry,Abdominals
Double Kettlebell Overhead Carry,Shoulders
Double Kettlebell Bottoms Up Overhead Carry,Shoulders
Single Arm Kettlebell Overhead Carry,Shoulders
Single Arm Kettlebell Bottoms Up Overhead Carry,Shoulders
Heavy Sandbag Shoulder Carry,Abdominals
Double Dumbbell Front Rack Carry,Abdominals
Single Arm Dumbbell Front Rack Carry,Abdominals
Double Clubbell Order Carry,Forearms
Single Arm Clubbell Order Carry,Forearms
Double Clubbell Front Flag Hold Carry,Forearms
Single Arm Clubbell Front Flag Hold Carry,Forearms
Barbell Overhead Carry,Shoulders
Single Arm Barbell Overhead Carry,Shoulders
Barbell Front Rack Carry,Abdominals
Single Arm Kettlebell Half Kneeling Bent Press,Shoulders
Single Arm Kettlebell Tall Kneeling Overhead Press,Shoulders
Single Arm Kettlebell Bottoms Up Tall Kneeling Overhead Press,Shoulders
Double Kettlebell Bottoms Up Tall Kneeling Overhead Press,Shoulders
Alternating Double Kettlebell Bottoms Up Tall Kneeling Overhead Press,Shoulders
Alternating Double Kettlebell Tall Kneeling Overhead Press,Shoulders
Alternating Double Kettlebell Half Kneeling Overhead Press,Shoulders
Double Kettlebell Bottoms Up Half Kneeling Overhead Press,Shoulders
Alternating Double Kettlebell Bottoms Up Half Kneeling Overhead Press,Shoulders
Double Kettlebell Tall Kneeling Seesaw Overhead Press,Shoulders
Double Kettlebell Bottoms Up Tall Kneeling Seesaw Overhead Press,Shoulders
Heavy Sandbag Bear Hug Squat,Quadriceps
Heavy Sandbag Shoulder Squat,Quadriceps
Heavy Sandbag Turkish Get Up,Abdominals
Heavy Sandbag Bear Hug Alternating Forward Lunge,Quadriceps
Heavy Sandbag Bear Hug Alternating Reverse Lunge,Quadriceps
Heavy Sandbag Shoulder Alternating Forward Lunge,Quadriceps
Heavy Sandbag Shoulder Alternating Reverse Lunge,Quadriceps
Heavy Sandbag Shoulder Walking Lunge,Quadriceps
Heavy Sandbag Shoulder Clean,Glutes
Heavy Sandbag Over the Shoulder,Glutes
Heavy Sandbag Alternating Shoulder Clean,Glutes
Heavy Sandbag Alternating Over the Shoulder,Glutes
Heavy Sandbag Bear Hug Walking Lunge,Quadriceps
Double Dumbbell Turkish Get Up,Abdominals
Alternating Single Arm Clubbell Mill,Shoulders
Bodyweight Hand Assisted Sissy Squat,Quadriceps
Bodyweight Sissy Squat,Quadriceps
Bodyweight Hand Assisted Knee Over Toes Split Squat,Quadriceps
Superband Sissy Squat,Quadriceps
Double Dumbbell Front Rack Walking Lunge,Quadriceps
Single Arm Dumbbell Suitcase Walking Lunge,Quadriceps
Single Arm Dumbbell Overhead Walking Lunge,Quadriceps
Single Arm Dumbbell Front Rack Walking Lunge,Quadriceps
Barbell Front Rack Walking Lunge,Quadriceps
Double Kettlebell Suitcase Walking Lunge,Quadriceps
Single Arm Kettlebell Suitcase Walking Lunge,Quadriceps
Single Arm Kettlebell Front Rack Walking Lunge,Quadriceps
Single Arm Kettlebell Overhead Walking Lunge,Quadriceps
Single Arm Kettlebell Bottoms Up Overhead Walking Lunge,Quadriceps
Double Clubbell Order Walking Lunge,Quadriceps
Single Arm Clubbell Order Walking Lunge,Quadriceps
Clubbell Order Walking Lunge,Quadriceps
Double Clubbell Front Flag Hold Walking Lunge,Quadriceps
Single Arm Clubbell Front Flag Hold Walking Lunge,Quadriceps
Clubbbell Front Flag Hold Walking Lunge,Quadriceps
Bodyweight Box Jumps,Quadriceps
Bodyweight Lateral Box Jumps,Quadriceps
Bodyweight Alternating Lateral Box Jumps,Quadriceps
Bodyweight Straddle Planche,Abdominals
Macebell Alternating 360 to Ballistic Curl,Shoulders
Suspension Pelican Curl,Biceps
Single Arm Kettlebell Bottoms Up Front Rack Squat,Quadriceps
Single Arm Suspension Ipsilateral Pistol Squat,Quadriceps
Kettlebell Romanian Deadlift,Hamstrings
Kettlebell Single Leg Romanian Deadlift,Hamstrings
Double Dumbbell Hammer Curl,Biceps
Single Arm Kettlebell Arm Bar,Shoulders
Single Arm Kettlebell Bottoms Up Arm Bar,Shoulders
Single Arm Kettlebell Bottoms Up Arm Bar Rotation,Shoulders
Barbell Zercher Carry,Abdominals
Alternating Double Dumbbell Bench Press,Chest
Alternating Double Dumbbell Incline Bench Press,Chest
Alternating Double Dumbbell Decline Bench Press,Chest
Alternating Double Dumbbell Top Down Bench Press,Chest
Alternating Double Dumbbell Top Down Incline Bench Press,Chest
Alternating Double Dumbbell Top Down Decline Bench Press,Chest
Double Kettlebell Suitcase Box Step Up,Quadriceps
Single Arm Kettlebell Suitcase Contralateral Box Step Up,Quadriceps
Single Arm Kettlebell Suitcase Ipsilateral Box Step Up,Quadriceps
Double Dumbbell Overhead Alternating Box Step Up,Quadriceps
Single Arm Dumbbell Overhead Contralateral Box Step Up,Quadriceps
Barbell Overhead Alternating Box Step Up,Quadriceps
Barbell Overhead Box Step Up,Quadriceps
Single Arm Dumbbell Suitcase Contralateral Box Step Up,Quadriceps
Single Arm Dumbbell Suitcase Ipsilateral Box Step Up,Quadriceps
Single Arm Dumbbell Front Rack Alternating Box Step Up,Quadriceps
Barbell Overhead Box Step Up to Single Leg Balance,Quadriceps
Barbell Front Rack Box Step Up to Single Leg Balance,Quadriceps
Barbell Back Rack Box Step Up to Single Leg Balance,Quadriceps
Single Arm Dumbbell Front Rack Contralateral Box Step Up to Single Leg Balance,Quadriceps
Single Arm Dumbbell Overhead Ipsilateral Box Step Up,Quadriceps
Single Arm Kettlebell Front Rack Contralateral Box Step Up,Quadriceps
Single Arm Kettlebell Front Rack Ipsilateral Box Step Up,Quadriceps
Double Kettlebell Overhead Box Step Up,Quadriceps
Single Arm Kettlebell Overhead Contralateral Box Step Up,Quadriceps
Single Arm Kettlebell Overhead Ipsilateral Box Step Up,Quadriceps
Double Kettlebell Bottoms Up Front Rack Box Step Up,Quadriceps
Single Arm Kettlebell Bottoms Up Front Rack Contralateral Box Step Up,Quadriceps
Single Arm Kettlebell Bottoms Up Front Rack Ipsilateral Box Step Up,Quadriceps
Double Kettlebell Bottoms Up Overhead Box Step Up,Quadriceps
Single Arm Kettlebell Bottoms Up Overhead Contralateral Box Step Up,Quadriceps
Single Arm Kettlebell Bottoms Up Overhead Ipsilateral Box Step Up,Quadriceps
Double Clubbell Order Box Step Up,Quadriceps
Double Clubbell Order Alternating Box Step Up,Quadriceps
Single Arm Clubbell Order Contralateral Box Step Up,Quadriceps
Single Arm Clubbell Order Ipsilateral Box Step Up,Quadriceps
Bar Advanced Tuck Back Lever,Abdominals
Bar Advanced Tuck Front Lever,Abdominals
Bar Advanced Tuck Front Lever Pull Up,Back
Bar Archer Pull Up,Back
Bar Chin Up,Biceps
Bar Circle Front Lever,Abdominals
Bar Dead Hang,Back
Bar Dead Hang to Front Lever Pull Up,Back
"Bar Eccentric Chin Up ",Biceps
Bar Eccentric Pull Up,Back
Bar False Grip Pull Up,Back
Bar Front Lever Pull to Inverted Hang,Abdominals
Bar Full Back Lever,Abdominals
Bar Full Front Lever,Abdominals
Bar Full Front Lever Pull Up,Back
Bar Gironda Sternum Chin Up,Biceps
Bar Half Lay Back Lever,Abdominals
Bar Half Lay Front Lever,Abdominals
Bar Hanging Knee Raise,Abdominals
Bar Hanging Knees to Elbows,Abdominals
Bar Hanging Knees to Wrists,Abdominals
Bar Hanging Leg Raise,Abdominals
Bar Hanging Leg Raise Toes to Bar,Abdominals
Bar Hanging Oblique Knee Raise,Abdominals
Bar Inverted Hang,Abdominals
Bar L Sit Hang Flutter Kicks,Abdominals
Bar L Sit Archer Pull Up,Back
Bar L Sit Chin Up,Biceps
Bar L Sit Pull Up,Back
Bar Pull Up,Back
Bar Scapular Pull Up,Back
Bar Single Leg Out Back Lever,Abdominals
Bar Single Leg Out Front Lever,Abdominals
Bar Skin The Cat,Shoulders
Bar Straddle Back Lever,Abdominals
Bar Straddle Front Lever,Abdominals
Bar Straddle Front Lever Pull Up,Back
Bar Strict Muscle Up,Back
Bar Tuck Back Lever,Abdominals
Bar Tuck Back Lever With Alternating Single Leg Extensions,Abdominals
Bar Tuck Front Lever,Abdominals
Bar Tuck Front Lever Pull Up,Back
Bar Tuck Front Lever With Alternating Single Leg Extensions,Abdominals
Single Arm Bar Dead Hang,Back
Single Arm Kettlebell Front Rack Contralateral Pistol Squat,Quadriceps
Single Arm Kettlebell Front Rack Ipsilateral Pistol Squat,Quadriceps
Single Arm Kettlebell Bottoms Up Front Rack Contralateral Pistol Squat,Quadriceps
Single Arm Kettlebell Bottoms Up Front Rack Ipsilateral Pistol Squat,Quadriceps
Kettlebell Horn Grip Goblet Pistol Squat,Quadriceps
Single Arm Kettlebell Overhead Contralateral Pistol Squat,Quadriceps
Single Arm Kettlebell Overhead Ipsilateral Pistol Squat,Quadriceps
Single Arm Kettlebell Bottoms Up Overhead Contralateral Pistol Squat,Quadriceps
Single Arm Kettlebell Bottoms Up Overhead Ipsilateral Pistol Squat,Quadriceps
Bodyweight Alternating Box Step Up,Quadriceps
Bodyweight Box Step Up,Quadriceps
Macebell Order Cossack Squat,Quadriceps
Macebell Order Alternating Cossack Squat,Quadriceps
Macebell Order Low Switch Cossack Squat,Quadriceps
Macebell Order Foot Elevated Cossack Squat,Quadriceps
Alternating Single Arm Macebell 10 to 2,Shoulders
Slider Archer Push Up,Chest
Suspension Archer Push Up,Chest
Heavy Sandbag Clean to Overhead Press,Shoulders
Superband Chaos Push Up,Chest
Double Kettlebell L Sit,Abdominals
Double Kettlebell L Sit Lift Over,Abdominals
Double Clubbell Order March,Abdominals
Single Arm Clubbell Order March,Abdominals
Resistance Band Alternating Bicep Curl,Biceps
Resistance Band Bicep Curl,Biceps
Resistance Band Chest Press,Chest
Resistance Band Alternating Chest Press,Chest
Single Arm Kettlebell Bottoms Up Windmill,Abdominals
Single Arm Kettlebell Bottoms Up Bent Press,Shoulders
Single Arm Kettlebell Bottoms Up Half Kneeling Bent Press,Shoulders
Double Kettlebell Push Up,Chest
Clubbell Inside Pendulum to Pullover,Back
Clubbell Alternating Inside Pendulum,Abdominals
Single Arm Clubbell Inside Pendulum to Outside Pendulum,Abdominals
Clubbell Outside Pendulum,Abdominals
Clubbell Alternating Outside Pendulum,Abdominals
Clubbell Alternating Outside Pendulum to Gamma Cast,Shoulders
Clubbell Outside Circle,Abdominals
Single Arm Clubbell Outside Circle,Abdominals
Double Clubbell Alternating Outside Circles,Abdominals
Double Clubbell Alternating Symmetrical Circles,Abdominals
Double Clubbell Front Flag Hold March,Abdominals
Single Arm Clubbell Front Flag Hold March,Abdominals
Double Kettlebell Overhead March,Abdominals
Single Arm Kettlebell Overhead March,Abdominals
Barbell Snatch Balance,Quadriceps
Clubbell Alternating Inside Pendulum to Pullover,Back
Double Dumbbell Suitcase March,Abdominals
Single Arm Dumbbell Suitcase March,Abdominals
Double Dumbbell Front Rack March,Abdominals
Single Arm Dumbbell Front Rack March,Abdominals
Double Dumbbell Overhead March,Abdominals
Single Arm Dumbbell Overhead March,Abdominals
Barbell Front Rack March,Abdominals
Barbell Back Rack March,Abdominals
Barbell Back Rack Alternating Forward Lunge,Quadriceps
Barbell Back Rack Alternating Reverse Lunge,Quadriceps
Barbell Overhead Alternating Lateral Lunge,Quadriceps
Barbell Front Rack Alternating Lateral Lunge,Quadriceps
Barbell Back Rack Alternating Lateral Lunge,Quadriceps
Double Kettlebell Suitcase Alternating Forward Lunge,Quadriceps
Double Kettlebell Suitcase Alternating Reverse Lunge,Quadriceps
Double Kettlebell Suitcase Alternating Lateral Lunge,Quadriceps
Double Kettlebell Front Rack Alternating Lateral Lunge,Quadriceps
Double Kettlebell Front Rack Alternating Forward Lunge,Quadriceps
Double Kettlebell Front Rack Alternating Reverse Lunge,Quadriceps
Double Kettlebell Bottoms Up Front Rack Alternating Lateral Lunge,Quadriceps
Double Kettlebell Bottoms Up Front Rack Alternating Forward Lunge,Quadriceps
Double Kettlebell Bottoms Up Front Rack Alternating Reverse Lunge,Quadriceps
Double Kettlebell Overhead Alternating Lateral Lunge,Quadriceps
Double Kettlebell Overhead Alternating Forward Lunge,Quadriceps
Double Kettlebell Overhead Alternating Reverse Lunge,Quadriceps
Double Kettlebell Bottoms Up Overhead Alternating Lateral Lunge,Quadriceps
Double Kettlebell Bottoms Up Overhead Alternating Forward Lunge,Quadriceps
Double Kettlebell Bottoms Up Overhead Alternating Reverse Lunge,Quadriceps
Single Arm Kettlebell Suitcase Alternating Forward Lunge,Quadriceps
Single Arm Kettlebell Suitcase Alternating Reverse Lunge,Quadriceps
Single Arm Kettlebell Suitcase Alternating Lateral Lunge,Quadriceps
Single Arm Kettlebell Front Rack Alternating Lateral Lunge,Quadriceps
Single Arm Kettlebell Front Rack Alternating Forward Lunge,Quadriceps
Single Arm Kettlebell Front Rack Alternating Reverse Lunge,Quadriceps
Single Arm Kettlebell Bottoms Up Front Rack Alternating Lateral Lunge,Quadriceps
Single Arm Kettlebell Bottoms Up Front Rack Alternating Forward Lunge,Quadriceps
Single Arm Kettlebell Bottoms Up Front Rack Alternating Reverse Lunge,Quadriceps
Single Arm Kettlebell Overhead Alternating Lateral Lunge,Quadriceps
Single Arm Kettlebell Overhead Alternating Forward Lunge,Quadriceps
Single Arm Kettlebell Overhead Alternating Reverse Lunge,Quadriceps
Single Arm Kettlebell Bottoms Up Overhead Alternating Lateral Lunge,Quadriceps
Single Arm Kettlebell Bottoms Up Overhead Alternating Forward Lunge,Quadriceps
Single Arm Kettlebell Bottoms Up Overhead Alternating Reverse Lunge,Quadriceps
Double Dumbbell Suitcase Alternating Forward Lunge,Quadriceps
Double Dumbbell Suitcase Alternating Reverse Lunge,Quadriceps
Double Dumbbell Suitcase Alternating Lateral Lunge,Quadriceps
Double Dumbbell Front Rack Alternating Lateral Lunge,Quadriceps
Double Dumbbell Front Rack Alternating Forward Lunge,Quadriceps
Double Dumbbell Front Rack Alternating Reverse Lunge,Quadriceps
Double Dumbbell Overhead Alternating Lateral Lunge,Quadriceps
Double Dumbbell Overhead Alternating Forward Lunge,Quadriceps
Double Dumbbell Overhead Alternating Reverse Lunge,Quadriceps
Single Arm Dumbbell Suitcase Alternating Forward Lunge,Quadriceps
Single Arm Dumbbell Suitcase Alternating Reverse Lunge,Quadriceps
Single Arm Dumbbell Suitcase Alternating Lateral Lunge,Quadriceps
Single Arm Dumbbell Front Rack Alternating Lateral Lunge,Quadriceps
Single Arm Dumbbell Front Rack Alternating Forward Lunge,Quadriceps
Single Arm Dumbbell Front Rack Alternating Reverse Lunge,Quadriceps
Single Arm Dumbbell Overhead Alternating Lateral Lunge,Quadriceps
Single Arm Dumbbell Overhead Alternating Forward Lunge,Quadriceps
Single Arm Dumbbell Overhead Alternating Reverse Lunge,Quadriceps
Kettlebell Goblet Alternating Lateral Lunge,Quadriceps
Kettlebell Goblet Alternating Forward Lunge,Quadriceps
Kettlebell Goblet Alternating Reverse Lunge,Quadriceps
Dumbbell Goblet Alternating Lateral Lunge,Quadriceps
Dumbbell Goblet Alternating Forward Lunge,Quadriceps
Dumbbell Goblet Alternating Reverse Lunge,Quadriceps
Clubbell Order Alternating Lateral Lunge,Quadriceps
Clubbell Order Alternating Forward Lunge,Quadriceps
Clubbell Order Alternating Reverse Lunge,Quadriceps
Double Clubbell Order Alternating Lateral Lunge,Quadriceps
Double Clubbell Order Alternating Forward Lunge,Quadriceps
Double Clubbell Order Alternating Reverse Lunge,Quadriceps
Single Arm Clubbell Order Alternating Lateral Lunge,Quadriceps
Single Arm Clubbell Order Alternating Forward Lunge,Quadriceps
Single Arm Clubbell Order Alternating Reverse Lunge,Quadriceps
Clubbell Front Flag Hold Alternating Lateral Lunge,Quadriceps
Clubbell Front Flag Hold Alternating Forward Lunge,Quadriceps
Clubbell Front Flag Hold Alternating Reverse Lunge,Quadriceps
Double Clubbell Front Flag Hold Alternating Lateral Lunge,Quadriceps
Double Clubbell Front Flag Hold Alternating Forward Lunge,Quadriceps
Double Clubbell Front Flag Hold Alternating Reverse Lunge,Quadriceps
Single Arm Clubbell Front Flag Hold Alternating Lateral Lunge,Quadriceps
Single Arm Clubbell Front Flag Hold Alternating Forward Lunge,Quadriceps
Single Arm Clubbell Front Flag Hold Alternating Reverse Lunge,Quadriceps
Landmine Low Hold Alternating Lateral Lunge,Quadriceps
Landmine Goblet Alternating Lateral Lunge,Quadriceps
Landmine Goblet Alternating Reverse Lunge,Quadriceps
Macebell Order Alternating Lateral Lunge,Quadriceps
Macebell Order Alternating Forward Lunge,Quadriceps
Macebell Order Alternating Reverse Lunge,Quadriceps
Double Kettlebell Overhead Cyclist Squat,Quadriceps
Double Kettlebell Bottoms Up Overhead Cyclist Squat,Quadriceps
Double Kettlebell Bottoms Up Front Rack Cyclist Squat,Quadriceps
Single Arm Kettlebell Bottoms Up Overhead Cyclist Squat,Quadriceps
Double Dumbbell Front Rack Cyclist Squat,Quadriceps
Double Dumbbell Overhead Cyclist Squat,Quadriceps
Single Arm Dumbbell Front Rack Cyclist Squat,Quadriceps
Single Arm Dumbbell Overhead Cyclist Squat,Quadriceps
Bodyweight Alternating Lateral Lunge,Quadriceps
Bodyweight Alternating Forward Lunge,Quadriceps
Bodyweight Alternating Reverse Lunge,Quadriceps
Macebell Order Cyclist Squat,Quadriceps
Double Dumbbell Overhead Squat,Quadriceps
Single Arm Dumbbell Overhead Squat,Quadriceps
Macebell Order Squat,Quadriceps
Double Dumbbell Front Rack Bulgarian Split Squat,Quadriceps
Double Dumbbell Overhead Bulgarian Split Squat,Quadriceps
Single Arm Dumbbell Overhead Ipsilateral Bulgarian Split Squat,Quadriceps
Single Arm Dumbbell Suitcase Contralateral Bulgarian Split Squat,Quadriceps
Single Arm Dumbbell Suitcase Ipsilateral Bulgarian Split Squat,Quadriceps
Single Arm Dumbbell Front Rack Contralateral Bulgarian Split Squat,Quadriceps
Single Arm Dumbbell Front Rack Ipsilateral Bulgarian Split Squat,Quadriceps
Clubbell Order March,Abdominals
Macebell Order Walking Lunge,Quadriceps
Suspension Alternating Lateral Lunge,Quadriceps
Bulgarian Bag Back Rack Alternating Lateral Lunge,Quadriceps
Bulgarian Bag Back Rack Walking Lunge,Quadriceps
Bulgarian Bag Back Rack Alternating Forward Lunge,Quadriceps
Heavy Sandbag Bear Hug Alternating Lateral Lunge,Quadriceps
Heavy Sandbag Shoulder Alternating Lateral Lunge,Quadriceps
Sandbag Front Rack Alternating Lateral Lunge,Quadriceps
Sandbag Front Rack Walking Lunge,Quadriceps
Sandbag Front Rack Alternating Forward Lunge,Quadriceps
Sandbag Front Rack Alternating Reverse Lunge,Quadriceps
Plate Overhead Walking Lunge,Quadriceps
Plate Overhead Alternating Lateral Lunge,Quadriceps
Plate Overhead Alternating Forward Lunge,Quadriceps
Plate Overhead Alternating Reverse Lunge,Quadriceps
Bodyweight Full Planche Push Up,Chest
Bodyweight Straddle Planche Push Up,Chest
Bodyweight Tuck Planche,Abdominals
Bodyweight Tuck Planche Push Up,Chest
Bodyweight Pseudo Planche Lean,Abdominals
Bar L Sit Hang,Abdominals
Ring L Sit Hang,Abdominals
Single Arm Bar L Sit Hang,Abdominals
Single Arm Ring L Sit Hang,Abdominals
Double Kettlebell L Sit Flutter Kicks,Abdominals
Parallette L Sit Flutter Kicks,Abdominals
Resistance Band Chest Fly,Chest
Resistance Band Low Row,Back
Resistance Band Mid Row,Back
Resistance Band Face Pull,Shoulders
Resistance Band Face Pull to Overhead Press,Shoulders
Single Arm Resistance Band Low Row,Back
Single Arm Resistance Band Mid Row,Back
Single Arm Suspension Mid Row,Back
Single Arm Resistance Band Chest Press,Chest
Resistance Band Reverse Grip Bicep Curl,Forearms
Resistance Band Alternating Reverse Grip Bicep Curl,Forearms
Resistance Band Hammer Curl,Biceps
Resistance Band Alternating Hammer Curl,Biceps
Resistance Band Y Raise,Shoulders
Clubbell Order Box Step Up,Quadriceps
Clubbell Order Alternating Box Step Up,Quadriceps
Bodyweight L Sit,Abdominals
Bodyweight Single Arm L Sit,Abdominals
Kettlebell Goblet Walking Lunge,Quadriceps
Kettlebell Horn Grip Alternating Lateral Lunge,Quadriceps
Kettlebell Low Hold Alternating Lateral Lunge,Quadriceps
Kettlebell Horn Grip Alternating Forward Lunge,Quadriceps
Kettlebell Horn Grip Alternating Reverse Lunge,Quadriceps
Kettlebell Horn Grip Walking Lunge,Quadriceps
Resistance Band Cuban Press,Shoulders
Resistance Band Tall Kneeling Cuban Press,Shoulders
Single Arm Macebell Order Cossack Squat,Quadriceps
Single Arm Macebell Order Low Switch Cossack Squat,Quadriceps
Single Arm Macebell Order Alternating Cossack Squat,Quadriceps
Single Arm Macebell Order Foot Elevated Cossack Squat,Quadriceps
Stability Ball Feet Elevated Glute Bridge,Glutes
Bodyweight Mountain Climber,Abdominals
Suspension Mountain Climber,Abdominals
Bodyweight Straddle L Sit,Abdominals
Double Kettlebell Straddle L Sit,Abdominals
Bodyweight Cossack Squat,Quadriceps
Single Arm Macebell Order Walking Lunge,Quadriceps
Resistance Band Pull Apart,Shoulders
Resistance Band Tall Kneeling Face Pull,Shoulders
Barbell Back Rack Alternating Box Step Up,Quadriceps
Barbell Front Rack Alternating Box Step Up,Quadriceps
Resistance Band Overhead Press,Shoulders
Resistance Band Alternating Overhead Press,Shoulders
Ring Tuck L Sit,Abdominals
Ring Tuck L Sit Hang,Abdominals
Bar Tuck L Sit Hang,Abdominals
Double Kettlebell Low Hold Cossack Squat,Quadriceps
Double Kettlebell Low Hold Alternating Cossack Squat,Quadriceps
Ring Support Mountain Climber,Abdominals
Ring Mountain Climber,Abdominals
Double Kettlebell Mountain Climber,Abdominals
Alternating Double Dumbbell Overhead Press,Shoulders